shipment_id,scenario_name,Time,step_index,true_cargo_temp,true_ambient_temp,true_door_open,true_vehicle_speed,true_compressor_on,true_duty_cycle,true_compressor_effectiveness,true_power_available,observed_temp,observed_ambient_temp,observed_humidity,observed_door_state,door_open_duration_min,observed_vehicle_speed,vehicle_stationary_duration_min,observed_compressor_state,observed_compressor_duty_cycle,observed_compressor_effectiveness,observed_battery_voltage,observed_refrigeration_current,is_traffic,risk_level,y_next_60_R2
SYNTH_SHIP_098,SCENARIO_4_DOOR_OPENING,2026-06-01 08:00:00,0,2.3331332031983427,19.60977494897807,0,69.79556170015712,1,0.6,1.0,1,2.340410421114263,19.863095049115888,93.63989565389609,0.0,0.0,70.09864671165826,0.0,1.0,0.6,1.0,12.681922594856228,10.550846636343062,0,0.0,0.0
SYNTH_SHIP_098,SCENARIO_4_DOOR_OPENING,2026-06-01 08:10:00,1,2.2957527769480426,19.99715438630222,0,84.72101902230727,1,0.6,1.0,1,2.228190866390131,20.223391606736257,91.38877469709959,0.0,0.0,85.27576285138167,0.0,1.0,0.6,1.0,13.118567134103992,10.490508835713332,0,0.0,0.0
SYNTH_SHIP_098,SCENARIO_4_DOOR_OPENING,2026-06-01 08:20:00,2,2.2461913814324883,18.564732417324183,0,75.82651595251686,1,0.6,1.0,1,2.358760460532442,17.92663386892203,91.34729235851201,0.0,0.0,78.46947024550036,0.0,1.0,0.6,1.0,12.739356448529481,9.943718778641232,0,0.0,0.0
SYNTH_SHIP_098,SCENARIO_4_DOOR_OPENING,2026-06-01 08:30:00,3,2.196167927426466,19.529995667223865,0,64.53137635442742,1,0.6,1.0,1,2.209404318354457,20.135285395364804,92.22531553303158,0.0,0.0,63.90627807152982,0.0,1.0,0.6,1.0,12.88099982572597,8.305821428065073,0,0.0,0.0
SYNTH_SHIP_098,SCENARIO_4_DOOR_OPENING,2026-06-01 08:40:00,4,2.1715615406142637,19.68085700024262,0,73.82337209962355,1,0.6,1.0,1,2.141772487975842,19.19507244419804,93.26883849237447,0.0,0.0,73.115213334272,0.0,1.0,0.6,1.0,13.497087177987277,10.554739624437799,0,0.0,0.0
SYNTH_SHIP_098,SCENARIO_4_DOOR_OPENING,2026-06-01 08:50:00,5,2.1902060376308388,19.15736101174364,0,84.65864374284412,1,0.6,1.0,1,2.1315592999675905,19.099495923352126,91.55398845714097,0.0,0.0,84.72128671418251,0.0,1.0,0.6,1.0,13.401686367854744,9.300274216902222,0,0.0,0.0
SYNTH_SHIP_098,SCENARIO_4_DOOR_OPENING,2026-06-01 09:00:00,6,2.1761675823091875,19.990918086547534,0,82.66058281899538,1,0.6,1.0,1,2.2505053572342586,20.148625115651836,91.38421816721534,0.0,0.0,84.28350066446947,0.0,1.0,0.6,1.0,13.269031789434448,7.821448518338649,0,0.0,0.0
SYNTH_SHIP_098,SCENARIO_4_DOOR_OPENING,2026-06-01 09:10:00,7,2.209214849915474,19.13791866342589,0,81.70696844851359,1,0.6,1.0,1,2.0099930179044763,19.336502794857832,91.23195304830679,0.0,0.0,84.13938829219197,0.0,1.0,0.6,1.0,13.592152868638395,7.682193964718936,0,0.0,0.0
SYNTH_SHIP_098,SCENARIO_4_DOOR_OPENING,2026-06-01 09:20:00,8,2.175716112552159,18.751601861209366,0,69.76602175882539,1,0.6,1.0,1,2.0232060275752293,18.872328321507812,88.8634949584468,0.0,0.0,69.5354928019394,0.0,1.0,0.6,1.0,13.653302853024508,7.603031821985349,0,0.0,0.0
SYNTH_SHIP_098,SCENARIO_4_DOOR_OPENING,2026-06-01 09:30:00,9,2.173060768395646,18.72685643989832,0,61.46004013757994,1,0.6,1.0,1,2.145018377122462,18.307811577265568,91.3444231474286,0.0,0.0,62.332276091072636,0.0,1.0,0.6,1.0,13.09905591284546,8.923064300407296,0,0.0,0.0
SYNTH_SHIP_098,SCENARIO_4_DOOR_OPENING,2026-06-01 09:40:00,10,2.1490587446675233,19.110945682462695,0,76.22709369220757,1,0.6,1.0,1,1.9178866235417413,18.993370825224133,92.88459382652802,0.0,0.0,75.56107835915348,0.0,1.0,0.6,1.0,13.57924821586726,10.549772944938784,0,0.0,0.0
SYNTH_SHIP_098,SCENARIO_4_DOOR_OPENING,2026-06-01 09:50:00,11,2.1393412052674674,18.389696812998082,0,82.61291343670005,1,0.6,1.0,1,2.078654150187685,18.26310829903297,92.39517981697026,0.0,0.0,82.56708399642865,0.0,1.0,0.6,1.0,13.706311120368106,7.583395140881221,0,0.0,0.0
SYNTH_SHIP_098,SCENARIO_4_DOOR_OPENING,2026-06-01 10:00:00,12,2.1445245655726968,18.697732675417395,0,83.31293261207321,1,0.6,1.0,1,2.164517497626713,19.029296952535464,91.46826640822944,0.0,0.0,84.74261141711213,0.0,1.0,0.6,1.0,13.646450989858067,9.007630086745253,0,0.0,0.0
SYNTH_SHIP_098,SCENARIO_4_DOOR_OPENING,2026-06-01 10:10:00,13,2.1111650473122165,18.79391580214029,0,76.84912281099892,1,0.6,1.0,1,2.2515968589822957,18.308241821805577,91.82730836242801,0.0,0.0,75.67854352837887,0.0,1.0,0.6,1.0,12.640851233931176,8.617427294906252,0,0.0,0.0
SYNTH_SHIP_098,SCENARIO_4_DOOR_OPENING,2026-06-01 10:20:00,14,2.1016479764019667,18.889843978181553,0,81.96867330116201,1,0.6,1.0,1,2.0303306137020627,18.589312576371885,93.05019372433544,0.0,0.0,79.83434899434303,0.0,1.0,0.6,1.0,13.242481431626276,9.666514674106153,0,0.0,0.0
SYNTH_SHIP_098,SCENARIO_4_DOOR_OPENING,2026-06-01 10:30:00,15,2.133636196739627,19.905412518354808,0,83.82259847644853,1,0.6,1.0,1,2.1696165005645796,20.133494227335635,92.14919694503195,0.0,0.0,83.29999035404927,0.0,1.0,0.6,1.0,13.046948094443895,10.285615892998406,0,0.0,0.0
SYNTH_SHIP_098,SCENARIO_4_DOOR_OPENING,2026-06-01 10:40:00,16,2.139668747239018,20.785644746055922,0,70.14798296517631,1,0.6,1.0,1,2.1804410950042294,20.936503586384703,92.9650251579877,0.0,0.0,69.65660368757439,0.0,1.0,0.6,1.0,12.752184268571046,10.918781805269022,0,0.0,0.0
SYNTH_SHIP_098,SCENARIO_4_DOOR_OPENING,2026-06-01 10:50:00,17,2.1191882121802905,18.84970897502157,0,81.85239870322732,1,0.6,1.0,1,2.0640112018781704,18.74753967152303,90.8976363627909,0.0,0.0,82.33786934818198,0.0,1.0,0.6,1.0,13.596303948081173,9.630883562593871,0,0.0,0.0
SYNTH_SHIP_098,SCENARIO_4_DOOR_OPENING,2026-06-01 11:00:00,18,2.099360393899578,19.391266545236586,0,78.40987124350198,1,0.6,1.0,1,1.9543326402911094,19.40284699643019,92.16447344021144,0.0,0.0,77.57286281102861,0.0,1.0,0.6,1.0,12.619515640993772,8.810775472091969,0,0.0,0.0
SYNTH_SHIP_098,SCENARIO_4_DOOR_OPENING,2026-06-01 11:10:00,19,2.0735210653260423,19.519312053365564,0,67.7155466692999,1,0.6,1.0,1,1.8023320978946782,19.655097531137866,92.36280885506451,0.0,0.0,67.02680174448751,0.0,1.0,0.6,1.0,12.777584055538682,10.054616218179564,0,0.0,0.0
SYNTH_SHIP_098,SCENARIO_4_DOOR_OPENING,2026-06-01 11:20:00,20,2.122766704695629,19.202514796342356,0,63.85536337137525,1,0.6,1.0,1,2.1338484937026867,19.023989226001166,93.71585196597869,0.0,0.0,64.96495593957778,0.0,1.0,0.6,1.0,13.254296417751242,8.231737416159707,0,0.0,0.0
SYNTH_SHIP_098,SCENARIO_4_DOOR_OPENING,2026-06-01 11:30:00,21,2.1419693590184257,19.267286146989946,0,80.06860013204465,1,0.6,1.0,1,2.0841258324228935,19.13917531310637,91.80873380330883,0.0,0.0,,0.0,1.0,0.6,1.0,12.494086775905489,10.000201978126327,0,0.0,0.0
SYNTH_SHIP_098,SCENARIO_4_DOOR_OPENING,2026-06-01 11:40:00,22,2.121874029810102,20.390767774817856,0,61.662498353280945,1,0.6,1.0,1,2.052472733044629,20.192667925774323,90.43130024684964,0.0,0.0,60.317421185405244,0.0,1.0,0.6,1.0,13.273573332061995,8.213714056803317,0,0.0,0.0
SYNTH_SHIP_098,SCENARIO_4_DOOR_OPENING,2026-06-01 11:50:00,23,2.09803791126064,20.277641928104973,0,71.11984381398022,1,0.6,1.0,1,2.287088428615958,20.675639337028343,90.65103296864403,0.0,0.0,72.40590715321306,0.0,1.0,0.6,1.0,13.725695891252872,9.177770382954579,0,0.0,0.0
SYNTH_SHIP_098,SCENARIO_4_DOOR_OPENING,2026-06-01 12:00:00,24,2.1105388472386286,19.744717402782495,0,69.11983176007688,1,0.6,1.0,1,2.053204045302016,19.457197102000585,94.41367086405454,0.0,0.0,65.91137044787057,0.0,1.0,0.6,1.0,12.979973052748853,7.67765843788557,0,0.0,0.0
SYNTH_SHIP_098,SCENARIO_4_DOOR_OPENING,2026-06-01 12:10:00,25,2.13133947919647,19.60123411249405,0,77.21623661941345,1,0.6,1.0,1,1.9651444964080786,19.470498826182396,91.57787272499247,0.0,0.0,79.15655016232236,0.0,1.0,0.6,1.0,12.61219006082369,10.13567034192374,0,0.0,0.0
SYNTH_SHIP_098,SCENARIO_4_DOOR_OPENING,2026-06-01 12:20:00,26,2.127493143484497,20.056382185957315,0,72.19844391906629,1,0.6,1.0,1,2.180529985426031,20.07618131451809,91.48568927184922,0.0,0.0,71.28757979524875,0.0,1.0,0.6,1.0,12.765335035709535,9.096896795935777,0,0.0,0.0
SYNTH_SHIP_098,SCENARIO_4_DOOR_OPENING,2026-06-01 12:30:00,27,2.1529649756666336,19.338535560692122,0,61.723367483467825,1,0.6,1.0,1,2.0682634535935462,18.939754728325532,91.54807715681264,0.0,0.0,61.78710084703099,0.0,1.0,0.6,1.0,12.557424052472504,9.900975412761053,0,0.0,0.0
SYNTH_SHIP_098,SCENARIO_4_DOOR_OPENING,2026-06-01 12:40:00,28,2.1282758116197145,19.300016743727888,0,67.27472303439365,1,0.6,1.0,1,2.065642445079789,18.86843144072189,92.18940512509619,0.0,0.0,69.05706609164366,0.0,1.0,0.6,1.0,12.629352890598263,9.968028958573598,0,0.0,0.0
SYNTH_SHIP_098,SCENARIO_4_DOOR_OPENING,2026-06-01 12:50:00,29,2.072530262752976,20.54831459925781,0,66.57257627481764,1,0.6,1.0,1,2.127515230638949,20.36051012993665,90.20039677496084,0.0,0.0,65.78947751304278,0.0,1.0,0.6,1.0,13.886293793489612,8.212559813857357,0,0.0,0.0
SYNTH_SHIP_098,SCENARIO_4_DOOR_OPENING,2026-06-01 13:00:00,30,2.128051080282892,20.58753221270941,0,80.08593815496496,1,0.6,1.0,1,2.1260048357297276,20.780513774140033,93.24789344022477,0.0,0.0,79.31400979417415,0.0,1.0,0.6,1.0,13.507886212687495,7.857920697158336,0,0.0,0.0
SYNTH_SHIP_098,SCENARIO_4_DOOR_OPENING,2026-06-01 13:10:00,31,2.15759405175714,20.35744715143801,0,62.006596511152814,1,0.6,1.0,1,2.432984593120268,20.550044280652656,90.34377781815598,0.0,0.0,63.412355293282964,0.0,1.0,0.6,1.0,13.737609306865373,8.769742771326216,0,0.0,0.0
SYNTH_SHIP_098,SCENARIO_4_DOOR_OPENING,2026-06-01 13:20:00,32,2.1564430958926115,20.348090512532764,0,82.01409300417846,1,0.6,1.0,1,2.0025335193377196,20.218050312548755,92.53388291535192,0.0,0.0,80.67669344029198,0.0,,,,13.216511675343712,8.088161141866319,0,0.0,0.0
SYNTH_SHIP_098,SCENARIO_4_DOOR_OPENING,2026-06-01 13:30:00,33,2.1594554508178394,21.014469387825237,0,81.20765271184024,1,0.6,1.0,1,2.327235858897223,20.960654508325312,88.28944943800813,0.0,0.0,79.20931227722674,0.0,1.0,0.6,1.0,13.051717600673905,8.450358233870835,0,0.0,0.0
SYNTH_SHIP_098,SCENARIO_4_DOOR_OPENING,2026-06-01 13:40:00,34,2.1709667268766246,21.014422093623704,0,64.5211955399329,1,0.6,1.0,1,1.9978073174631457,21.766883926351543,91.07047937668757,0.0,0.0,63.09135044054388,0.0,1.0,0.6,1.0,13.041755545650785,10.196609558912765,0,0.0,0.0
SYNTH_SHIP_098,SCENARIO_4_DOOR_OPENING,2026-06-01 13:50:00,35,2.1741252131018065,20.327161954190736,0,77.33297002415026,1,0.6,1.0,1,2.1582335197816978,20.30531860586553,92.6033000443782,0.0,0.0,77.19870598296548,0.0,1.0,0.6,1.0,12.651253086441152,8.877330992585676,0,0.0,0.0
SYNTH_SHIP_098,SCENARIO_4_DOOR_OPENING,2026-06-01 14:00:00,36,2.213686024331306,22.189557586105476,0,79.93464428302339,1,0.6,1.0,1,2.3874812395340643,21.893939164437555,92.69960024434411,0.0,0.0,79.67130788922196,0.0,1.0,0.6,1.0,13.764959902793501,9.699517087979377,0,0.0,0.0
SYNTH_SHIP_098,SCENARIO_4_DOOR_OPENING,2026-06-01 14:10:00,37,2.231464445216118,21.265407466672062,0,76.54709038164125,1,0.6,1.0,1,2.3431221794586814,21.468170419093173,91.77659893532571,0.0,0.0,78.54546135958553,0.0,1.0,0.6,1.0,12.885173821870076,7.3653829633714905,0,0.0,0.0
SYNTH_SHIP_098,SCENARIO_4_DOOR_OPENING,2026-06-01 14:20:00,38,2.2530962629614923,21.618648642154035,0,84.35921184109827,1,0.6,1.0,1,2.2454698509372037,21.584993999633806,91.9375579668327,0.0,0.0,85.15585289759306,0.0,1.0,0.6,1.0,13.165999526753351,9.42902529747454,0,0.0,0.0
SYNTH_SHIP_098,SCENARIO_4_DOOR_OPENING,2026-06-01 14:30:00,39,2.22462018143149,21.604357570437443,0,82.75664327741421,1,0.6,1.0,1,2.298191819168367,21.506830000660393,91.63307240772347,0.0,0.0,83.1210439317872,0.0,1.0,0.6,1.0,13.385595704265974,9.75236851399704,0,0.0,0.0
SYNTH_SHIP_098,SCENARIO_4_DOOR_OPENING,2026-06-01 14:40:00,40,2.229974387318895,21.326493413922258,0,84.6671379616043,1,0.6,1.0,1,2.4085244888776027,21.389780397392403,92.09572356680368,0.0,0.0,84.45670314712923,0.0,1.0,0.6,1.0,13.351966967759589,10.34034501832721,0,0.0,0.0
SYNTH_SHIP_098,SCENARIO_4_DOOR_OPENING,2026-06-01 14:50:00,41,2.2455276309585375,22.187836432333086,0,81.68810493130839,1,0.6,1.0,1,2.3079115140857875,22.20735486141316,91.82918523596571,0.0,0.0,82.66470571492431,0.0,1.0,0.6,1.0,13.509084349458833,7.6912293111572305,0,0.0,0.0
SYNTH_SHIP_098,SCENARIO_4_DOOR_OPENING,2026-06-01 15:00:00,42,2.2190834236068135,21.845066093162476,0,71.8015081536562,1,0.6,1.0,1,2.473625862013764,21.5136598814212,92.26449959689732,0.0,0.0,70.75221525373351,0.0,1.0,0.6,1.0,12.877673721369776,9.550787001981522,0,0.0,0.0
SYNTH_SHIP_098,SCENARIO_4_DOOR_OPENING,2026-06-01 15:10:00,43,2.214848302213681,23.023341495992682,0,70.40000991481323,1,0.6,1.0,1,1.920611176248991,23.12519747144567,91.70702983809957,0.0,0.0,71.83139782906554,0.0,1.0,0.6,1.0,13.314491778762951,8.64918217818699,0,0.0,0.0
SYNTH_SHIP_098,SCENARIO_4_DOOR_OPENING,2026-06-01 15:20:00,44,2.2513773508356354,21.9169775454679,0,64.65473072994789,1,0.6,1.0,1,2.3740817418033835,21.698152142427052,92.16621681712247,0.0,0.0,63.23196111920997,0.0,1.0,0.6,1.0,12.98098804162066,8.492137289099455,0,0.0,0.0
SYNTH_SHIP_098,SCENARIO_4_DOOR_OPENING,2026-06-01 15:30:00,45,2.262754674192589,22.450736890633127,0,76.86029721027899,1,0.6,1.0,1,2.311151946506324,22.153745039293288,92.3549839014793,0.0,0.0,74.51947837548643,0.0,1.0,0.6,1.0,12.776465356647865,8.792263129114456,0,0.0,0.0
SYNTH_SHIP_098,SCENARIO_4_DOOR_OPENING,2026-06-01 15:40:00,46,2.285369423224295,23.439692730181896,0,80.29742564352932,1,0.6,1.0,1,2.365118000378512,24.092062778671384,92.08156398691034,0.0,0.0,79.06929293074663,0.0,1.0,0.6,1.0,13.481171542559007,9.044172328811406,0,0.0,0.0
SYNTH_SHIP_098,SCENARIO_4_DOOR_OPENING,2026-06-01 15:50:00,47,2.3074904260492644,22.936549948427945,0,84.14886772600444,1,0.6,1.0,1,2.3433162572772663,23.008197396078053,90.49924387479702,0.0,0.0,82.84584636589042,0.0,1.0,0.6,1.0,12.65083328968643,9.374999261889657,0,0.0,0.0
SYNTH_SHIP_098,SCENARIO_4_DOOR_OPENING,2026-06-01 16:00:00,48,2.3347878083847964,22.897828070318376,0,69.85770133135546,1,0.6,1.0,1,2.322935727567738,22.747797025488573,91.13946711135131,0.0,0.0,,0.0,1.0,0.6,1.0,12.757296755382995,7.79734001449663,0,0.0,0.0
SYNTH_SHIP_098,SCENARIO_4_DOOR_OPENING,2026-06-01 16:10:00,49,2.3360162970801674,22.489726449417645,0,76.16133690081438,1,0.6,1.0,1,2.346765648169949,22.03890096129798,91.45060975419193,0.0,0.0,77.71784452079945,0.0,1.0,0.6,1.0,13.13639014023029,9.86676598627983,0,0.0,0.0
SYNTH_SHIP_098,SCENARIO_4_DOOR_OPENING,2026-06-01 16:20:00,50,2.357062774852203,23.35326495415725,0,75.91251336122838,1,0.6,1.0,1,2.2027815164990523,22.934370650462505,91.85163520307736,0.0,0.0,73.43089204004228,0.0,1.0,0.6,1.0,13.155994989940389,7.629335975610987,0,0.0,0.0
SYNTH_SHIP_098,SCENARIO_4_DOOR_OPENING,2026-06-01 16:30:00,51,2.3749256809906063,23.40765342010262,0,71.14055452795029,1,0.6,1.0,1,2.493313540674545,23.58224009998482,91.30107177889985,0.0,0.0,70.54552074651437,0.0,1.0,0.6,1.0,13.076172975749714,8.363428882494947,0,0.0,0.0
SYNTH_SHIP_098,SCENARIO_4_DOOR_OPENING,2026-06-01 16:40:00,52,2.3894942414775966,23.929604954184434,0,67.67845729591563,1,0.6,1.0,1,2.287711660506476,24.212344414026955,91.20516975097537,0.0,0.0,67.40880418618653,0.0,1.0,0.6,1.0,13.078669845260357,10.537801947637597,0,0.0,0.0
SYNTH_SHIP_098,SCENARIO_4_DOOR_OPENING,2026-06-01 16:50:00,53,2.429730128838407,24.076617585884723,0,79.67319512940789,1,0.6,1.0,1,2.662804943647308,23.982203473080023,92.19681651330473,0.0,0.0,81.7259836651825,0.0,1.0,0.6,1.0,13.249899374488171,9.948318998043304,0,0.0,0.0
SYNTH_SHIP_098,SCENARIO_4_DOOR_OPENING,2026-06-01 17:00:00,54,2.4274344604994598,23.668855985640416,0,74.29958339719339,1,0.6,1.0,1,2.639246595892615,23.708536067538514,90.67591965350415,0.0,0.0,74.07975105212765,0.0,1.0,0.6,1.0,13.314789002858753,9.559790645370555,0,0.0,0.0
SYNTH_SHIP_098,SCENARIO_4_DOOR_OPENING,2026-06-01 17:10:00,55,2.4450694888578455,23.571968717023758,0,84.92791866634482,1,0.6,1.0,1,2.2481727841189376,24.061925186399463,90.61644618260202,0.0,0.0,85.3323319507107,0.0,1.0,0.6,1.0,12.68249998494625,8.101549108916373,0,0.0,0.0
SYNTH_SHIP_098,SCENARIO_4_DOOR_OPENING,2026-06-01 17:20:00,56,2.4694404859390695,24.837122461085908,0,64.03590847337136,1,0.6,1.0,1,2.447036031323294,25.19364727758947,91.74481794894014,0.0,0.0,62.02313440086104,0.0,1.0,0.6,1.0,12.632567623999803,8.36866449657451,0,0.0,0.0
SYNTH_SHIP_098,SCENARIO_4_DOOR_OPENING,2026-06-01 17:30:00,57,2.4973845554862812,25.023776556434193,0,73.76412901423447,1,0.6,1.0,1,2.5611922095604527,25.204492894783073,91.4933763882972,0.0,0.0,72.30505246651207,0.0,1.0,0.6,1.0,12.718709319842597,9.753452989995608,0,0.0,0.0
SYNTH_SHIP_098,SCENARIO_4_DOOR_OPENING,2026-06-01 17:40:00,58,2.5016909449585882,24.591067629067908,0,75.00132897922728,1,0.6,1.0,1,2.7141659995111063,24.71206702471439,91.93313502885694,0.0,0.0,75.9543765117332,0.0,1.0,0.6,1.0,13.34041054911421,9.777094208978026,0,0.0,0.0
SYNTH_SHIP_098,SCENARIO_4_DOOR_OPENING,2026-06-01 17:50:00,59,2.514883386767593,25.523970089893023,0,82.15711623534224,1,0.6,1.0,1,2.5864233401452097,25.201102988829017,89.8769044895659,0.0,0.0,81.71793910667647,0.0,1.0,0.6,1.0,13.828626528206826,9.280830884723219,0,0.0,0.0
SYNTH_SHIP_098,SCENARIO_4_DOOR_OPENING,2026-06-01 18:00:00,60,2.4961519963823706,25.36599605319353,0,82.10294393442841,1,0.6,1.0,1,2.7075925190404395,25.50326274302943,91.26464580333842,0.0,0.0,82.3454943300138,0.0,1.0,0.6,1.0,12.70400505750995,8.239231965072214,0,0.0,0.0
SYNTH_SHIP_098,SCENARIO_4_DOOR_OPENING,2026-06-01 18:10:00,61,2.4778515970373456,23.90993379890439,0,84.34048173830332,1,0.6,1.0,1,2.3347416190333945,24.520159616607216,92.34519589959645,0.0,0.0,86.69061758947215,0.0,1.0,0.6,1.0,13.245629867284306,7.683818703818617,0,0.0,0.0
SYNTH_SHIP_098,SCENARIO_4_DOOR_OPENING,2026-06-01 18:20:00,62,2.4988794074269447,25.568630963309335,0,67.44284953117938,1,0.6,1.0,1,2.4123278868154876,25.282923445149763,90.82440430996338,0.0,0.0,69.5147811083583,0.0,1.0,0.6,1.0,12.641482927197396,9.386588280528967,0,0.0,0.0
SYNTH_SHIP_098,SCENARIO_4_DOOR_OPENING,2026-06-01 18:30:00,63,2.5205058308700194,24.240864475599235,0,76.18295577985592,1,0.6,1.0,1,2.412403346100137,24.35449067794816,90.49775354818121,0.0,0.0,76.91051964120567,0.0,1.0,0.6,1.0,13.711261329334171,9.201860299265729,0,0.0,0.0
SYNTH_SHIP_098,SCENARIO_4_DOOR_OPENING,2026-06-01 18:40:00,64,2.5250156678581255,25.842484356444384,0,72.16120493070221,1,0.6,1.0,1,2.6181849194950453,26.12078550964967,91.30059418007262,0.0,0.0,,0.0,1.0,0.6,1.0,13.409427106857583,10.504787243193626,0,0.0,0.0
SYNTH_SHIP_098,SCENARIO_4_DOOR_OPENING,2026-06-01 18:50:00,65,2.5278352861305673,24.817299363823118,0,60.5739156338801,1,0.6,1.0,1,2.5237413006776284,24.641482540846415,89.37081154221727,0.0,0.0,58.46994033281258,0.0,1.0,0.6,1.0,13.746943471291301,9.480709270300945,0,0.0,0.0
SYNTH_SHIP_098,SCENARIO_4_DOOR_OPENING,2026-06-01 19:00:00,66,2.538497227056529,25.579282693903465,0,69.56646579606259,1,0.6,1.0,1,2.5602543249909018,24.622293542516395,89.17955116239966,0.0,0.0,71.50513899370236,0.0,1.0,0.6,1.0,13.656113428909416,8.918304598899729,0,0.0,0.0
SYNTH_SHIP_098,SCENARIO_4_DOOR_OPENING,2026-06-01 19:10:00,67,2.537997386523188,25.352311293076276,0,69.62225010713667,1,0.6,1.0,1,2.564505719937282,25.074373076375974,90.32596243541843,0.0,0.0,70.6194664878423,0.0,1.0,0.6,1.0,12.745942581448874,9.311213388783393,0,0.0,0.0
SYNTH_SHIP_098,SCENARIO_4_DOOR_OPENING,2026-06-01 19:20:00,68,2.533556153471454,26.203460551191128,0,78.30641981622324,1,0.6,1.0,1,2.892758221217405,26.3561893330905,90.9916152773384,0.0,0.0,76.9623218100157,0.0,1.0,0.6,1.0,13.068962090684247,9.188985240220255,0,0.0,0.0
SYNTH_SHIP_098,SCENARIO_4_DOOR_OPENING,2026-06-01 19:30:00,69,2.585781680169406,26.480323976519273,0,70.5687558933682,1,0.6,1.0,1,2.335688849488462,26.6345864650285,90.6089167482154,0.0,0.0,70.1735845110712,0.0,1.0,0.6,1.0,13.076130163467605,7.243362532556367,0,0.0,0.0
SYNTH_SHIP_098,SCENARIO_4_DOOR_OPENING,2026-06-01 19:40:00,70,2.5569669646772493,26.303545611642065,0,70.43665243248888,1,0.6,1.0,1,2.5753442858182147,25.828412057082208,90.20668478917973,0.0,0.0,72.39701258197589,0.0,1.0,0.6,1.0,13.221041086492681,9.465378800969486,0,0.0,0.0
SYNTH_SHIP_098,SCENARIO_4_DOOR_OPENING,2026-06-01 19:50:00,71,2.601789678004172,26.303479432162153,0,71.62392297704446,1,0.6,1.0,1,2.3972730271369267,26.109535316008305,91.129032757357,0.0,0.0,69.97370979961333,0.0,1.0,0.6,1.0,12.898676396633798,7.417280666867989,0,0.0,0.0
SYNTH_SHIP_098,SCENARIO_4_DOOR_OPENING,2026-06-01 20:00:00,72,2.5745794604293284,26.670009467427946,0,67.27668636430224,1,0.6,1.0,1,2.4827184123826807,26.83717903360012,92.48048072726733,0.0,0.0,65.8259398331755,0.0,1.0,0.6,1.0,13.292008487098077,8.72911118834869,0,0.0,0.0
SYNTH_SHIP_098,SCENARIO_4_DOOR_OPENING,2026-06-01 20:10:00,73,2.5872126043980392,26.42641451109802,0,79.21805331175507,1,0.6,1.0,1,2.6811098741959376,26.078027493102198,89.40743763708107,0.0,0.0,80.27922459366101,0.0,1.0,0.6,1.0,13.60774467053152,11.034944883153111,0,0.0,0.0
SYNTH_SHIP_098,SCENARIO_4_DOOR_OPENING,2026-06-01 20:20:00,74,2.5842448776607063,27.46678020271686,0,72.72032598650324,1,0.6,1.0,1,2.5712056112568766,27.747514715970738,91.50229986637197,0.0,0.0,71.26835862656863,0.0,1.0,0.6,1.0,13.104535554594202,9.569520929621524,0,0.0,0.0
SYNTH_SHIP_098,SCENARIO_4_DOOR_OPENING,2026-06-01 20:30:00,75,2.5878211919465333,26.924794422162062,0,80.71065386621369,1,0.6,1.0,1,2.7352245343498547,26.793922969546163,93.30703280192876,0.0,0.0,80.79649185407067,0.0,1.0,0.6,1.0,13.742764357225168,10.16726734517355,0,0.0,0.0
SYNTH_SHIP_098,SCENARIO_4_DOOR_OPENING,2026-06-01 20:40:00,76,2.5789720687520474,27.036847733036613,0,63.71980392469599,1,0.6,1.0,1,2.5126474324198,26.766664637090418,91.41834448264432,0.0,0.0,62.43939748797008,0.0,1.0,0.6,1.0,13.173767211812304,8.125527949077672,0,0.0,0.0
SYNTH_SHIP_098,SCENARIO_4_DOOR_OPENING,2026-06-01 20:50:00,77,2.5998006389301653,26.06556881294675,0,74.512893021999,1,0.6,1.0,1,2.534638354897153,26.549815487445464,90.38917589093529,0.0,0.0,73.66261546513128,0.0,1.0,0.6,1.0,13.420916922514174,9.347410770058657,0,0.0,0.0
SYNTH_SHIP_098,SCENARIO_4_DOOR_OPENING,2026-06-01 21:00:00,78,2.575892036508483,27.185367866861572,0,65.03484610412333,1,0.6,1.0,1,2.5492213978837177,27.29744761993717,92.66357672191788,0.0,0.0,65.14297929739061,0.0,1.0,0.6,1.0,12.864522776263325,8.9902618460265,0,0.0,0.0
SYNTH_SHIP_098,SCENARIO_4_DOOR_OPENING,2026-06-01 21:10:00,79,2.590349401151893,26.536777106772032,0,61.28046725352071,1,0.6,1.0,1,2.969175301155347,26.465647043048804,90.02548218569501,0.0,0.0,60.914355069056036,0.0,1.0,0.6,1.0,13.613810348916326,9.212346835147855,0,0.0,1.0
SYNTH_SHIP_098,SCENARIO_4_DOOR_OPENING,2026-06-01 21:20:00,80,2.5739523746876913,26.91073884236538,0,71.83425675337972,1,0.6,1.0,1,2.6091906179230717,26.743922007694092,90.16837334031702,0.0,0.0,72.12158788096373,0.0,1.0,0.6,1.0,12.974695763305958,9.081827879953366,0,0.0,1.0
SYNTH_SHIP_098,SCENARIO_4_DOOR_OPENING,2026-06-01 21:30:00,81,2.5685467076642894,26.43623737995962,0,79.61016857488887,1,0.6,1.0,1,2.5193076365889038,26.62963628746179,91.99501618439336,0.0,0.0,81.64971530705708,0.0,1.0,0.6,1.0,13.018353544599261,9.272375851868937,0,0.0,1.0
SYNTH_SHIP_098,SCENARIO_4_DOOR_OPENING,2026-06-01 21:40:00,82,2.5454124439164656,26.798611750004675,0,78.34216450797102,1,0.6,1.0,1,2.3072350546676486,26.79181698876537,92.48187735552345,0.0,0.0,79.94626476920057,0.0,1.0,0.6,1.0,13.30534340132664,8.636779881730991,0,0.0,1.0
SYNTH_SHIP_098,SCENARIO_4_DOOR_OPENING,2026-06-01 21:50:00,83,2.557501090572856,26.580794562551482,0,68.90671467521312,1,0.6,1.0,1,2.5958414474164853,26.517088616685122,89.88022041150431,0.0,0.0,69.9045128526134,0.0,1.0,0.6,1.0,13.49141963308849,7.070559727728532,0,0.0,1.0
SYNTH_SHIP_098,SCENARIO_4_DOOR_OPENING,2026-06-01 22:00:00,84,2.5713465675130087,27.319008735461924,1,0.0,1,0.6,1.0,1,2.6761857665394815,27.66266012387458,80.74736345504868,1.0,10.0,0.0,10.0,1.0,0.6,1.0,13.012052792410946,10.385143977585452,0,0.0,1.0
SYNTH_SHIP_098,SCENARIO_4_DOOR_OPENING,2026-06-01 22:10:00,85,6.292107279542838,26.490675413366834,1,0.0,1,0.6,1.0,1,6.285784006113065,26.514218578641962,75.32362523350623,1.0,20.0,0.2649898262842951,20.0,1.0,0.6,1.0,13.817462696236777,10.545642216706412,0,2.0,1.0
SYNTH_SHIP_098,SCENARIO_4_DOOR_OPENING,2026-06-01 22:20:00,86,9.099235689313733,27.92363576759083,1,0.0,1,0.6,1.0,1,8.936990268830382,28.521328247688828,71.59765835532681,1.0,30.0,0.0,30.0,1.0,0.6,1.0,13.567890332202111,8.048513169426878,0,2.0,1.0
SYNTH_SHIP_098,SCENARIO_4_DOOR_OPENING,2026-06-01 22:30:00,87,11.686808483852332,27.952496140638917,1,0.0,1,0.6,1.0,1,11.710774894376971,28.25696125827241,68.89026628368605,1.0,40.0,1.7165906629676508,40.0,1.0,0.6,1.0,13.758819649068055,8.098030318125456,0,2.0,1.0
SYNTH_SHIP_098,SCENARIO_4_DOOR_OPENING,2026-06-01 22:40:00,88,13.842490577921428,26.056341127324828,1,0.0,1,0.6,1.0,1,13.890879387872191,25.9723912600592,64.86700728073549,1.0,50.0,0.0,50.0,1.0,0.6,1.0,13.423982432314126,10.130307273579707,0,2.0,1.0
SYNTH_SHIP_098,SCENARIO_4_DOOR_OPENING,2026-06-01 22:50:00,89,15.353109093164461,27.456861401383513,0,71.81062186580142,1,0.6,1.0,1,15.571630693131414,27.088327257542428,72.04488504562615,0.0,0.0,69.71699859892657,0.0,1.0,0.6,1.0,13.317884831034968,7.6856049061454055,0,2.0,1.0
SYNTH_SHIP_098,SCENARIO_4_DOOR_OPENING,2026-06-01 23:00:00,90,15.021979451830811,27.99439980877419,0,68.29075067621406,1,0.6,1.0,1,15.15699640207649,27.873609261301063,72.5085870597301,0.0,0.0,67.15616491312706,0.0,1.0,0.6,1.0,12.935748642030148,9.019367551368926,0,2.0,1.0
SYNTH_SHIP_098,SCENARIO_4_DOOR_OPENING,2026-06-01 23:10:00,91,14.73395531244729,26.882505778009403,0,68.24934069140849,1,0.6,1.0,1,14.763024964061119,26.958526603983614,72.51123521987351,0.0,0.0,68.56886985760458,0.0,1.0,0.6,1.0,12.899236432922745,9.65615202504066,0,2.0,1.0
SYNTH_SHIP_098,SCENARIO_4_DOOR_OPENING,2026-06-01 23:20:00,92,14.381334900966513,27.526382892189538,0,77.94331047076726,1,0.6,1.0,1,14.436423933911327,27.344218066381952,74.63314659420783,0.0,0.0,77.88957095966022,0.0,1.0,0.6,1.0,13.825488293652912,9.524627371859399,0,2.0,1.0
SYNTH_SHIP_098,SCENARIO_4_DOOR_OPENING,2026-06-01 23:30:00,93,14.05422810595207,26.500285087850365,0,76.00351670102447,1,0.6,1.0,1,13.497962934001244,26.476747164413347,71.49242809239763,0.0,0.0,75.64991403173137,0.0,1.0,0.6,1.0,12.974929510200282,9.498254588901164,0,2.0,1.0
SYNTH_SHIP_098,SCENARIO_4_DOOR_OPENING,2026-06-01 23:40:00,94,13.734992308573954,25.621095060047125,0,71.62366819076684,1,0.6,1.0,1,13.745138288992505,26.124035558054814,75.32308091145059,0.0,0.0,75.68845235133574,0.0,1.0,0.6,1.0,12.97482129973389,9.037564941070604,0,2.0,1.0
SYNTH_SHIP_098,SCENARIO_4_DOOR_OPENING,2026-06-01 23:50:00,95,13.39300818236825,26.518192073676815,0,61.260334711546044,1,0.6,1.0,1,13.430761285559386,25.80280738128592,76.7363057474802,0.0,0.0,61.21439106964187,0.0,1.0,0.6,1.0,12.932779151926683,10.78565712234728,0,2.0,1.0
SYNTH_SHIP_098,SCENARIO_4_DOOR_OPENING,2026-06-02 00:00:00,96,13.065921843998476,27.307302184571284,0,69.15190808195321,1,0.6,1.0,1,13.242020469302853,27.278946854132432,74.42205977869858,0.0,0.0,69.93854199600233,0.0,1.0,0.6,1.0,12.90430659318746,8.844251349269456,0,2.0,1.0
SYNTH_SHIP_098,SCENARIO_4_DOOR_OPENING,2026-06-02 00:10:00,97,12.74974390744815,27.34252718785496,0,74.4036822814194,1,0.6,1.0,1,12.735636015905813,27.652761441153345,74.40328375758419,0.0,0.0,76.34718833802874,0.0,1.0,0.6,1.0,12.616373707994184,10.883218665840452,0,2.0,1.0
SYNTH_SHIP_098,SCENARIO_4_DOOR_OPENING,2026-06-02 00:20:00,98,12.433418261221354,25.995441242529044,0,69.33296158724713,1,0.6,1.0,1,12.315051598021615,26.014731657866133,76.43426405569413,0.0,0.0,73.2645407688287,0.0,1.0,0.6,1.0,13.465881505391872,8.036434230697571,0,2.0,1.0
SYNTH_SHIP_098,SCENARIO_4_DOOR_OPENING,2026-06-02 00:30:00,99,12.119878218491664,26.285281408746567,0,64.49510717076016,1,0.6,1.0,1,12.07046509001375,26.032478003484954,76.02801744295795,0.0,0.0,62.970138265183984,0.0,1.0,0.6,1.0,12.427467852961493,9.373196614702078,0,2.0,1.0
SYNTH_SHIP_098,SCENARIO_4_DOOR_OPENING,2026-06-02 00:40:00,100,11.821022874620173,26.57309685937252,0,71.4704834091722,1,0.6,1.0,1,11.699860068242598,25.892462828489368,77.22922082544777,0.0,0.0,74.80787706322494,0.0,1.0,0.6,1.0,13.576974967353657,10.000756882753246,0,2.0,1.0
SYNTH_SHIP_098,SCENARIO_4_DOOR_OPENING,2026-06-02 00:50:00,101,11.544157439241568,27.146642377587742,0,60.73213879311473,1,0.6,1.0,1,11.180905296861187,27.644414303313408,77.0200035978104,0.0,0.0,58.63970889172321,0.0,1.0,0.6,1.0,12.889727510068504,8.882941794773643,0,2.0,1.0
SYNTH_SHIP_098,SCENARIO_4_DOOR_OPENING,2026-06-02 01:00:00,102,11.270977111786395,26.268211954726247,0,63.844391586772595,1,0.6,1.0,1,11.385722326592775,26.108114374462936,77.0639428071082,0.0,0.0,63.85083976616971,0.0,1.0,0.6,1.0,12.47669857784234,8.614892249827669,0,2.0,1.0
SYNTH_SHIP_098,SCENARIO_4_DOOR_OPENING,2026-06-02 01:10:00,103,10.980652038918162,26.199603563100517,0,65.9905420379478,1,0.6,1.0,1,10.931960356797374,25.905992839292058,77.2935419442388,0.0,0.0,65.83644319742014,0.0,1.0,0.6,1.0,12.828092738872796,10.86104437694078,0,2.0,1.0
SYNTH_SHIP_098,SCENARIO_4_DOOR_OPENING,2026-06-02 01:20:00,104,10.698160914037453,24.96631060872774,0,79.2387263291971,1,0.6,1.0,1,10.80335242059853,25.01157889578051,80.05144779162916,0.0,0.0,81.09294681848701,0.0,1.0,0.6,1.0,13.204725473613252,8.635346989515899,0,2.0,1.0
SYNTH_SHIP_098,SCENARIO_4_DOOR_OPENING,2026-06-02 01:30:00,105,10.41291143196588,25.52934466198644,0,78.91545437661723,1,0.6,1.0,1,10.442150149238195,25.537122132011543,78.53397192768993,0.0,0.0,81.49750235690044,0.0,1.0,0.6,1.0,12.50548230368848,9.366267965532446,0,2.0,1.0
SYNTH_SHIP_098,SCENARIO_4_DOOR_OPENING,2026-06-02 01:40:00,106,10.116247366979229,24.789991618815655,0,71.64635605313335,1,0.6,1.0,1,10.016922044338191,24.524914037833096,81.20563301298583,0.0,0.0,73.3679148712794,0.0,1.0,0.6,1.0,12.626615837473084,10.534197650735958,0,2.0,1.0
SYNTH_SHIP_098,SCENARIO_4_DOOR_OPENING,2026-06-02 01:50:00,107,9.805061401566402,24.899951341055804,0,77.98710512974226,1,0.6,1.0,1,9.919374032727578,24.95765493065351,80.19461160118183,0.0,0.0,78.27407516015751,0.0,1.0,0.6,1.0,13.69226836833829,8.560365688086293,0,2.0,1.0
SYNTH_SHIP_098,SCENARIO_4_DOOR_OPENING,2026-06-02 02:00:00,108,9.501025387911426,25.80073046772436,0,82.72381192861172,1,0.6,1.0,1,9.439200747837324,26.32317178778602,81.29003681328425,0.0,0.0,83.0404037686258,0.0,1.0,0.6,1.0,12.534083629735594,7.142181341597169,0,2.0,1.0
SYNTH_SHIP_098,SCENARIO_4_DOOR_OPENING,2026-06-02 02:10:00,109,9.21552380796585,25.080447373921228,0,78.22130614016599,1,0.6,1.0,1,9.356973988649598,25.335440451349353,81.03967602364946,0.0,0.0,78.60954343568348,0.0,1.0,0.6,1.0,13.227940398545726,10.412147986835663,0,2.0,1.0
SYNTH_SHIP_098,SCENARIO_4_DOOR_OPENING,2026-06-02 02:20:00,110,8.941162081552596,25.106485165986626,0,63.930036862471574,1,0.6,1.0,1,9.067871152565047,24.53288491973262,81.71419738883053,0.0,0.0,64.37403778051048,0.0,1.0,0.6,1.0,13.26971096129691,7.814893571047076,0,2.0,1.0
SYNTH_SHIP_098,SCENARIO_4_DOOR_OPENING,2026-06-02 02:30:00,111,8.645943336309925,25.804829484294743,0,79.14273148295196,1,0.6,1.0,1,8.482137439927394,25.990769377226577,81.11657805747213,0.0,0.0,80.04622598184496,0.0,1.0,0.6,1.0,13.719286869347567,10.6672316253067,0,2.0,1.0
SYNTH_SHIP_098,SCENARIO_4_DOOR_OPENING,2026-06-02 02:40:00,112,8.365085431175874,24.7763552893206,0,79.1700604002329,1,0.6,1.0,1,8.776080879022638,24.98430314046538,80.97915493029322,0.0,0.0,78.61504710566436,0.0,1.0,0.6,1.0,13.244674491852496,7.806457976394305,0,2.0,1.0
SYNTH_SHIP_098,SCENARIO_4_DOOR_OPENING,2026-06-02 02:50:00,113,8.05871698341736,23.948992318175026,0,79.04141992974908,1,0.6,1.0,1,8.213867639212738,23.366814522117494,82.29338417432623,0.0,0.0,80.35387280384677,0.0,1.0,0.6,1.0,13.15032614888693,9.318706988164125,0,2.0,1.0
SYNTH_SHIP_098,SCENARIO_4_DOOR_OPENING,2026-06-02 03:00:00,114,7.737490370998182,24.34818787398382,0,76.86796190363984,1,0.6,1.0,1,7.952232086846339,24.17021584166911,83.71162572486641,0.0,0.0,73.7944662089719,0.0,1.0,0.6,1.0,12.889456944119944,7.86897810458589,0,2.0,1.0
SYNTH_SHIP_098,SCENARIO_4_DOOR_OPENING,2026-06-02 03:10:00,115,7.477059205250035,24.04442060944434,0,62.09948533391974,1,0.6,1.0,1,7.536454749159639,24.71293705287215,83.30847236430074,0.0,0.0,62.393948382622824,0.0,1.0,0.6,1.0,12.75106526277649,7.021713420443766,0,2.0,1.0
SYNTH_SHIP_098,SCENARIO_4_DOOR_OPENING,2026-06-02 03:20:00,116,7.2141617743002495,24.38538228697723,0,78.20356454407542,1,0.6,1.0,1,7.121514174724185,24.370368560876624,84.53444413415393,0.0,0.0,78.13530869927953,0.0,1.0,0.6,1.0,12.97145392790031,7.174424215216756,0,2.0,1.0
SYNTH_SHIP_098,SCENARIO_4_DOOR_OPENING,2026-06-02 03:30:00,117,6.928944612648739,22.610959236384375,0,75.74213310919346,1,0.6,1.0,1,6.970874366770023,22.732434356029913,84.11254749426082,0.0,0.0,75.07334223652205,0.0,1.0,0.6,1.0,12.924257235437402,9.931007100777585,0,2.0,1.0
SYNTH_SHIP_098,SCENARIO_4_DOOR_OPENING,2026-06-02 03:40:00,118,6.653837709101043,23.411404342851462,0,67.32108384387327,1,0.6,1.0,1,6.553201716174538,22.98710461055864,83.28758711801434,0.0,0.0,65.77606108080808,0.0,1.0,0.6,1.0,13.152860316873904,8.311358500545712,0,2.0,1.0
SYNTH_SHIP_098,SCENARIO_4_DOOR_OPENING,2026-06-02 03:50:00,119,6.400049839661253,22.547729296518796,0,78.38293269685512,1,0.6,1.0,1,6.357371432426007,22.376211961924923,83.93987551066161,0.0,0.0,82.26467799243085,0.0,1.0,0.6,1.0,13.417332991436927,8.040912178258479,0,2.0,1.0
SYNTH_SHIP_098,SCENARIO_4_DOOR_OPENING,2026-06-02 04:00:00,120,6.077989835266102,23.929778510377027,0,62.26924125719205,1,0.6,1.0,1,6.084611107322005,23.863333098824217,86.66163198868625,0.0,0.0,64.323049836431,0.0,1.0,0.6,1.0,12.698565234416584,7.628124390313988,0,2.0,1.0
SYNTH_SHIP_098,SCENARIO_4_DOOR_OPENING,2026-06-02 04:10:00,121,5.831204983096601,24.039115673384444,0,83.43113395129724,1,0.6,1.0,1,5.8207749041551615,23.928500486075208,86.32839068558575,0.0,0.0,86.95286334779168,0.0,1.0,0.6,1.0,13.63480099366734,8.941889364439573,0,2.0,1.0
SYNTH_SHIP_098,SCENARIO_4_DOOR_OPENING,2026-06-02 04:20:00,122,5.589942228267909,21.6980248806959,0,83.83385532983114,1,0.6,1.0,1,5.780508678090931,21.54122167109623,85.67343137532325,0.0,0.0,84.21222983430378,0.0,1.0,0.6,1.0,12.996076225995644,9.79250570309519,0,2.0,1.0
SYNTH_SHIP_098,SCENARIO_4_DOOR_OPENING,2026-06-02 04:30:00,123,5.293654558930743,22.423771000233508,0,78.94054334117266,1,0.6,1.0,1,5.4051295137771245,22.73641751397808,86.87820464969347,0.0,0.0,80.58878051966329,0.0,1.0,0.6,1.0,13.336423116632156,10.01096575675762,0,2.0,1.0
SYNTH_SHIP_098,SCENARIO_4_DOOR_OPENING,2026-06-02 04:40:00,124,5.0365671552553835,22.575571111998237,0,68.43872166405578,1,0.6,1.0,1,5.067467348831151,22.787050274792005,87.92958656867344,0.0,0.0,69.06713924251456,0.0,1.0,0.6,1.0,13.605675613674645,7.954927873892185,0,2.0,1.0
SYNTH_SHIP_098,SCENARIO_4_DOOR_OPENING,2026-06-02 04:50:00,125,4.757289967368447,22.20896214105223,0,84.80437169542073,1,0.6,1.0,1,4.806174150599425,21.819205437909797,89.6153239326564,0.0,0.0,87.35985204840756,0.0,1.0,0.6,1.0,13.482738771287256,8.031658124537694,0,2.0,1.0
SYNTH_SHIP_098,SCENARIO_4_DOOR_OPENING,2026-06-02 05:00:00,126,4.528078172618732,21.762869913207705,0,68.75217610669515,1,0.6,1.0,1,4.542343614803112,21.774411515606975,88.47823726800237,0.0,0.0,69.26901309371853,0.0,1.0,0.6,1.0,13.806424345963867,10.26929629456087,0,2.0,1.0
SYNTH_SHIP_098,SCENARIO_4_DOOR_OPENING,2026-06-02 05:10:00,127,4.217262862789108,21.795096672909057,0,67.18470615650394,1,0.6,1.0,1,4.419171853014714,21.804955339411624,88.94621423431175,0.0,0.0,68.8267245638512,0.0,1.0,0.6,1.0,12.434597623792413,8.389950656150207,0,2.0,0.0
SYNTH_SHIP_098,SCENARIO_4_DOOR_OPENING,2026-06-02 05:20:00,128,3.9373186620711302,21.65582386544515,0,81.33524845591928,1,0.6,1.0,1,4.0579634654761705,21.79485889302134,89.53878956573963,0.0,0.0,78.61970190339001,0.0,1.0,0.6,1.0,13.488373307635285,9.821777176516633,0,1.0,0.0
SYNTH_SHIP_098,SCENARIO_4_DOOR_OPENING,2026-06-02 05:30:00,129,3.647603871175296,21.737337034919303,0,69.34535067156136,1,0.6,1.0,1,3.6016811397326944,21.70496670942031,88.15478739060778,0.0,0.0,68.5023029085087,0.0,1.0,0.6,1.0,12.975448371732021,9.85002820152451,0,1.0,0.0
SYNTH_SHIP_098,SCENARIO_4_DOOR_OPENING,2026-06-02 05:40:00,130,3.4235812514714925,20.825977491830443,0,74.79465626235407,1,0.6,1.0,1,3.54348507028089,20.7986515255999,89.7576764468969,0.0,0.0,,0.0,1.0,0.6,1.0,12.866611990807709,10.285276637107009,0,1.0,0.0
SYNTH_SHIP_098,SCENARIO_4_DOOR_OPENING,2026-06-02 05:50:00,131,3.2377092474347577,21.032147802634878,0,61.55996504698937,1,0.6,1.0,1,3.269387911191943,20.966866886209637,89.33965623858734,0.0,0.0,59.26897451348224,0.0,1.0,0.6,1.0,13.327175207933365,11.039327174467749,0,1.0,0.0
SYNTH_SHIP_098,SCENARIO_4_DOOR_OPENING,2026-06-02 06:00:00,132,3.079846243563104,20.61456366277053,0,79.56478913902767,1,0.6,1.0,1,3.200709697541912,20.58142631235519,89.40115019600765,0.0,0.0,78.85136539366226,0.0,1.0,0.6,1.0,13.387112855058506,9.295557478754082,0,1.0,0.0
SYNTH_SHIP_098,SCENARIO_4_DOOR_OPENING,2026-06-02 06:10:00,133,2.9598712342682076,21.44327127388868,0,80.15323599251512,1,0.6,1.0,1,3.0743926494053904,21.290906289851304,91.98290453560624,0.0,0.0,81.39801723747867,0.0,1.0,0.6,1.0,13.272009956410582,8.385188169744515,0,0.0,0.0
SYNTH_SHIP_098,SCENARIO_4_DOOR_OPENING,2026-06-02 06:20:00,134,2.8536345264650333,20.864941513204744,0,82.53334423045173,1,0.6,1.0,1,2.99416184182342,20.605320369463325,92.60748753533132,0.0,0.0,81.44835467731362,0.0,1.0,0.6,1.0,12.843212671259915,9.249637197028076,0,0.0,0.0
SYNTH_SHIP_098,SCENARIO_4_DOOR_OPENING,2026-06-02 06:30:00,135,2.7348061912044246,20.86896805303203,0,76.54500810808216,1,0.6,1.0,1,2.733558958367351,21.038811274888747,91.22420397840716,0.0,0.0,75.883246857151,0.0,1.0,0.6,1.0,12.621570427746418,9.967864451753911,0,0.0,0.0
SYNTH_SHIP_098,SCENARIO_4_DOOR_OPENING,2026-06-02 06:40:00,136,2.637911813054698,20.054691644194868,0,72.15270568065105,1,0.6,1.0,1,2.7815615680326946,20.303444551587102,92.22633703750667,0.0,0.0,72.45525449369437,0.0,1.0,0.6,1.0,13.69160478361624,8.357132085262844,0,0.0,0.0
SYNTH_SHIP_098,SCENARIO_4_DOOR_OPENING,2026-06-02 06:50:00,137,2.5667457713140966,21.05291268947834,0,61.54172449676407,1,0.6,1.0,1,2.501416186183898,20.999407274297262,90.33834930794039,0.0,0.0,61.107284125509516,0.0,1.0,0.6,1.0,13.373143102591445,10.471453327475055,0,0.0,0.0
SYNTH_SHIP_098,SCENARIO_4_DOOR_OPENING,2026-06-02 07:00:00,138,2.507679625801615,20.582851904615993,0,82.60464550752667,1,0.6,1.0,1,2.597652233754164,20.77752749360912,92.73130291241813,0.0,0.0,82.77664923198267,0.0,1.0,0.6,1.0,13.374717933787485,9.346050240975293,0,0.0,0.0
SYNTH_SHIP_098,SCENARIO_4_DOOR_OPENING,2026-06-02 07:10:00,139,2.4691593879442335,19.869076449424707,0,69.90146322793247,1,0.6,1.0,1,2.426172412218646,20.151438442739526,92.79033138551705,0.0,0.0,69.64332538781106,0.0,1.0,0.6,1.0,12.588797113084796,9.637831798064383,0,0.0,0.0
SYNTH_SHIP_098,SCENARIO_4_DOOR_OPENING,2026-06-02 07:20:00,140,2.4080133435761297,20.28601687829266,0,77.74469468650662,1,0.6,1.0,1,2.4524705166764402,20.71367118467265,92.13109632965372,0.0,0.0,78.48818230168041,0.0,1.0,0.6,1.0,12.972483123046112,9.367269369633416,0,0.0,0.0
SYNTH_SHIP_098,SCENARIO_4_DOOR_OPENING,2026-06-02 07:30:00,141,2.3849153097954714,19.601910160738893,0,77.06850519872482,1,0.6,1.0,1,2.5191736625034213,19.78314064297568,89.66583196071599,0.0,0.0,77.6982836568042,0.0,1.0,0.6,1.0,12.47508856684042,9.358993161412016,0,0.0,0.0
SYNTH_SHIP_098,SCENARIO_4_DOOR_OPENING,2026-06-02 07:40:00,142,2.3632852510177824,19.34888288074934,0,63.88836696308381,1,0.6,1.0,1,2.440217758680588,19.228786800028157,90.1519806838409,0.0,0.0,63.58788544893498,0.0,1.0,0.6,1.0,12.813406121158101,8.199201866789517,0,0.0,0.0
SYNTH_SHIP_098,SCENARIO_4_DOOR_OPENING,2026-06-02 07:50:00,143,2.3077044009497447,19.815124798615305,0,78.49315452872287,1,0.6,1.0,1,2.107770421882849,20.194868512773436,92.09196063655818,0.0,0.0,78.19987859026755,0.0,1.0,0.6,1.0,12.603428378954733,9.364170900528118,0,0.0,0.0
SYNTH_SHIP_098,SCENARIO_4_DOOR_OPENING,2026-06-02 08:00:00,144,2.287314138895147,19.901870018545562,0,75.59944649555683,1,0.6,1.0,1,2.3347271875659406,19.29155715597027,92.85162843818568,0.0,0.0,78.31715591210786,0.0,1.0,0.6,1.0,13.110054611794318,10.580027408271743,0,0.0,0.0
SYNTH_SHIP_098,SCENARIO_4_DOOR_OPENING,2026-06-02 08:10:00,145,2.2728810363261043,19.650707975774587,0,69.41302144620757,1,0.6,1.0,1,2.2669482286656564,19.692584077395953,91.09095325070012,0.0,0.0,66.60563162735461,0.0,1.0,0.6,1.0,13.049420681536477,8.687488180658049,0,0.0,0.0
SYNTH_SHIP_098,SCENARIO_4_DOOR_OPENING,2026-06-02 08:20:00,146,2.2248003006034676,19.473662594563457,0,64.12572970281349,1,0.6,1.0,1,1.9870678236536126,19.34704537079105,92.21911874699136,0.0,0.0,64.32839577238627,0.0,1.0,0.6,1.0,13.642959334024617,9.60825488330444,0,0.0,0.0
SYNTH_SHIP_098,SCENARIO_4_DOOR_OPENING,2026-06-02 08:30:00,147,2.217615270998619,19.283030589169577,0,65.21352808230156,1,0.6,1.0,1,2.2437907781453594,19.373964853292225,91.36902602529673,0.0,0.0,65.99394053434342,0.0,1.0,0.6,1.0,13.493202629264081,10.935235672515503,0,0.0,0.0
SYNTH_SHIP_098,SCENARIO_4_DOOR_OPENING,2026-06-02 08:40:00,148,2.224149194502779,18.841008282098294,0,70.87626170671878,1,0.6,1.0,1,2.036942703940451,19.120298745264968,92.9060139281552,0.0,0.0,71.42799895919954,0.0,1.0,0.6,1.0,13.772072121421507,9.393694315422321,0,0.0,0.0
SYNTH_SHIP_098,SCENARIO_4_DOOR_OPENING,2026-06-02 08:50:00,149,2.208294777636253,18.944337467845937,0,72.35173174233249,1,0.6,1.0,1,2.0901164345634653,18.911430109625577,90.66144961297348,0.0,0.0,73.01860865245662,0.0,1.0,0.6,1.0,13.631462018400365,9.011077353075047,0,0.0,0.0
SYNTH_SHIP_098,SCENARIO_4_DOOR_OPENING,2026-06-02 09:00:00,150,2.158519082045127,18.763388019486634,0,70.77570399138739,1,0.6,1.0,1,2.4059218000718743,19.117543945952715,93.89743670933318,0.0,0.0,66.24549346884515,0.0,1.0,0.6,1.0,12.639136520684673,9.333448989406639,0,0.0,0.0
SYNTH_SHIP_098,SCENARIO_4_DOOR_OPENING,2026-06-02 09:10:00,151,2.164238035331235,19.41800546618211,0,60.28163527732231,1,0.6,1.0,1,2.174205202361379,19.02962974608473,91.94589157840015,0.0,0.0,58.69998425592069,0.0,1.0,0.6,1.0,13.35750358661342,10.58742031184167,0,0.0,0.0
SYNTH_SHIP_098,SCENARIO_4_DOOR_OPENING,2026-06-02 09:20:00,152,2.157185389817655,19.103675192948852,0,69.59964773292774,1,0.6,1.0,1,2.2068041067359303,19.345010401626347,91.29379204735763,0.0,0.0,73.13826289338702,0.0,1.0,0.6,1.0,13.11346558733778,9.114273192243457,0,0.0,0.0
SYNTH_SHIP_098,SCENARIO_4_DOOR_OPENING,2026-06-02 09:30:00,153,2.1168912469183336,19.113694582744305,0,73.21946748643599,1,0.6,1.0,1,2.1495405876759253,18.909049791731164,91.29578026270465,0.0,0.0,75.05009132558061,0.0,1.0,0.6,1.0,13.13746524602565,7.909335266417293,0,0.0,0.0
SYNTH_SHIP_098,SCENARIO_4_DOOR_OPENING,2026-06-02 09:40:00,154,2.11556344244759,19.05129979972872,0,61.911018452958785,1,0.6,1.0,1,1.9522273343348489,19.319687646100448,92.86568180281374,0.0,0.0,61.43400526181959,0.0,1.0,0.6,1.0,13.054137937195653,10.435262699191457,0,0.0,0.0
SYNTH_SHIP_098,SCENARIO_4_DOOR_OPENING,2026-06-02 09:50:00,155,2.1071575595676433,19.15840263197067,0,83.45485229964638,1,0.6,1.0,1,2.3086555259134345,19.568289081573102,91.84789403561862,0.0,0.0,83.69803892838223,0.0,1.0,0.6,1.0,13.368819680057339,10.383073774253782,0,0.0,0.0
SYNTH_SHIP_098,SCENARIO_4_DOOR_OPENING,2026-06-02 10:00:00,156,2.1031228635458237,19.035947134736976,0,63.23758430954318,1,0.6,1.0,1,2.0565709226100903,18.946749533288887,92.35391374967352,0.0,0.0,64.62732822162481,0.0,1.0,0.6,1.0,12.42524193234515,10.433767811254473,0,0.0,0.0
SYNTH_SHIP_098,SCENARIO_4_DOOR_OPENING,2026-06-02 10:10:00,157,2.074461095694054,19.473110919047578,0,67.9145707032527,1,0.6,1.0,1,2.0417383680873895,20.10685641142335,92.25347859699352,0.0,0.0,66.06982604132041,0.0,1.0,0.6,1.0,12.647446345321196,9.908623813150959,0,0.0,0.0
SYNTH_SHIP_098,SCENARIO_4_DOOR_OPENING,2026-06-02 10:20:00,158,2.082898038830229,18.80359154743042,0,73.29867974244011,1,0.6,1.0,1,1.9988389384304655,18.99546280283162,93.08069053556005,0.0,0.0,73.4677727267239,0.0,1.0,0.6,1.0,13.16888763729127,10.362425312806607,0,0.0,0.0
SYNTH_SHIP_098,SCENARIO_4_DOOR_OPENING,2026-06-02 10:30:00,159,2.11284112825921,18.97370480706031,0,72.59997263385395,1,0.6,1.0,1,2.325078716780661,18.795852521411312,92.20829043489871,0.0,0.0,72.10351768884694,0.0,1.0,0.6,1.0,13.347122932127235,9.488179577485289,0,0.0,0.0
SYNTH_SHIP_098,SCENARIO_4_DOOR_OPENING,2026-06-02 10:40:00,160,2.1076292185233085,19.427455067651035,0,68.72385834683689,1,0.6,1.0,1,2.1365314891968223,19.766688961585782,90.21579654338304,0.0,0.0,70.09031016934628,0.0,1.0,0.6,1.0,12.987281533067241,7.172129888219355,0,0.0,0.0
SYNTH_SHIP_098,SCENARIO_4_DOOR_OPENING,2026-06-02 10:50:00,161,2.1266894688321694,19.12874283963639,0,67.07783506422841,1,0.6,1.0,1,2.207614347546812,19.21136545022145,91.02203963081352,0.0,0.0,68.77592482390179,0.0,1.0,0.6,1.0,13.752181385522391,7.697972122566647,0,0.0,0.0
SYNTH_SHIP_098,SCENARIO_4_DOOR_OPENING,2026-06-02 11:00:00,162,2.114699441130808,19.291474115031804,0,81.28849816369002,1,0.6,1.0,1,2.2656278312599305,19.103009274577044,92.74917848725303,0.0,0.0,78.21854544055232,0.0,1.0,0.6,1.0,13.597499467076164,9.161218825087763,0,0.0,0.0
SYNTH_SHIP_098,SCENARIO_4_DOOR_OPENING,2026-06-02 11:10:00,163,2.0943942950153693,20.354243291290302,0,72.14982132383129,1,0.6,1.0,1,2.2535615065047647,20.41756554977844,91.45024314476214,0.0,0.0,69.3737919639555,0.0,1.0,0.6,1.0,12.958594023366746,7.774614099018341,0,0.0,0.0
SYNTH_SHIP_098,SCENARIO_4_DOOR_OPENING,2026-06-02 11:20:00,164,2.0921428155423047,19.546892857054374,0,82.07578812564782,1,0.6,1.0,1,2.0458126241591583,20.141642120727468,91.22917752957818,0.0,0.0,81.14656908191681,0.0,1.0,0.6,1.0,13.469661929602967,9.64731638102136,0,0.0,0.0
SYNTH_SHIP_098,SCENARIO_4_DOOR_OPENING,2026-06-02 11:30:00,165,2.04765552263712,19.409379980509023,0,74.34681778735047,1,0.6,1.0,1,1.956170498568237,19.55217350633846,91.04541235082621,0.0,0.0,72.9994141082216,0.0,1.0,0.6,1.0,13.702072680450618,9.246584129258958,0,0.0,0.0
SYNTH_SHIP_098,SCENARIO_4_DOOR_OPENING,2026-06-02 11:40:00,166,2.0597962970464443,18.972814173319332,0,75.09866178807589,1,0.6,1.0,1,1.947355752685365,19.53510697328311,93.12412961757293,0.0,0.0,74.8803159627685,0.0,1.0,0.6,1.0,12.485885722259537,7.305504807256574,0,0.0,0.0
SYNTH_SHIP_098,SCENARIO_4_DOOR_OPENING,2026-06-02 11:50:00,167,2.0794502337400806,19.06754240613872,0,69.66782240084298,1,0.6,1.0,1,2.261091146307836,18.80744108520436,92.96664728977751,0.0,0.0,71.09852169745568,0.0,1.0,0.6,1.0,13.127670244334517,7.477611415326326,0,0.0,0.0
SYNTH_SHIP_098,SCENARIO_4_DOOR_OPENING,2026-06-02 12:00:00,168,2.0734257639847726,19.92651871603271,0,65.9744846412793,1,0.6,1.0,1,1.8309014730714759,19.970429432255575,91.16884418890993,0.0,0.0,65.88868075622536,0.0,1.0,0.6,1.0,13.637687413746761,7.542597535046078,0,0.0,0.0
SYNTH_SHIP_098,SCENARIO_4_DOOR_OPENING,2026-06-02 12:10:00,169,2.098186874932367,20.65322423356918,0,83.13180147240392,1,0.6,1.0,1,2.073870635749051,20.61851881496961,90.59497201088156,0.0,0.0,82.75161675074686,0.0,1.0,0.6,1.0,12.741603626368454,8.27277512256193,0,0.0,0.0
SYNTH_SHIP_098,SCENARIO_4_DOOR_OPENING,2026-06-02 12:20:00,170,2.1438007985768985,20.681380686254453,0,71.94775762185066,1,0.6,1.0,1,2.1700995263611427,20.58233816133162,91.11515268716963,0.0,0.0,72.70087705184997,0.0,1.0,0.6,1.0,12.75312704238411,8.865948128068482,0,0.0,0.0
SYNTH_SHIP_098,SCENARIO_4_DOOR_OPENING,2026-06-02 12:30:00,171,2.123835558271154,20.23264530931689,0,66.17878816763691,1,0.6,1.0,1,2.3000500070805057,20.09132566674418,91.06955260992036,0.0,0.0,67.6764374526323,0.0,1.0,0.6,1.0,12.47820199821927,7.7672660838953345,0,0.0,0.0
SYNTH_SHIP_098,SCENARIO_4_DOOR_OPENING,2026-06-02 12:40:00,172,2.173987749166299,21.023998074434484,0,63.82455715081207,1,0.6,1.0,1,2.4099435816970987,21.62506960315029,90.5753614420551,0.0,0.0,62.45949845451472,0.0,1.0,0.6,1.0,12.37588872834466,9.06950642633242,0,0.0,0.0
SYNTH_SHIP_098,SCENARIO_4_DOOR_OPENING,2026-06-02 12:50:00,173,2.1631791061608774,19.943007118236988,0,75.59693306501406,1,0.6,1.0,1,2.207474613882083,19.902753767232003,91.38812278712767,0.0,0.0,75.41207948805786,0.0,1.0,0.6,1.0,13.77089786362283,8.628864246028801,0,0.0,0.0
SYNTH_SHIP_098,SCENARIO_4_DOOR_OPENING,2026-06-02 13:00:00,174,2.1384535801254345,20.652253124035774,0,76.82080863995728,1,0.6,1.0,1,2.1298538657877835,21.12867619563201,92.0562351347626,0.0,0.0,76.76654881678328,0.0,1.0,0.6,1.0,13.45674092158647,7.215881276575157,0,0.0,0.0
SYNTH_SHIP_098,SCENARIO_4_DOOR_OPENING,2026-06-02 13:10:00,175,2.149374657188718,20.25019458023431,0,79.97088875629062,1,0.6,1.0,1,2.374104855702705,20.655252596523205,90.97406046374464,0.0,0.0,,0.0,1.0,0.6,1.0,13.319808130726654,9.791962117910392,0,0.0,0.0
SYNTH_SHIP_098,SCENARIO_4_DOOR_OPENING,2026-06-02 13:20:00,176,2.1396536746016817,20.984687057093343,0,81.9812347404169,1,0.6,1.0,1,1.9512776255750843,21.371514238143494,92.76076834258961,0.0,0.0,84.8447983891809,0.0,1.0,0.6,1.0,13.697976911121359,8.119624522703448,0,0.0,0.0
SYNTH_SHIP_098,SCENARIO_4_DOOR_OPENING,2026-06-02 13:30:00,177,2.1508358103246366,20.23315025298196,0,82.36739350428604,1,0.6,1.0,1,2.1604315331344233,19.77143323239096,91.79498893720745,0.0,0.0,82.33225212384735,0.0,1.0,0.6,1.0,13.625322542488323,9.086966338739904,0,0.0,0.0
SYNTH_SHIP_098,SCENARIO_4_DOOR_OPENING,2026-06-02 13:40:00,178,2.1592620331024057,20.733184603284446,0,74.45915701668329,1,0.6,1.0,1,2.225318917617332,21.084833511737635,94.49011779468215,0.0,0.0,76.6853139182839,0.0,1.0,0.6,1.0,13.703552168063977,10.416127854501433,0,0.0,0.0
SYNTH_SHIP_098,SCENARIO_4_DOOR_OPENING,2026-06-02 13:50:00,179,2.1665980600542643,21.24918482297877,0,78.93882051719889,1,0.6,1.0,1,2.1795191278784745,20.997272975049814,91.04003742005322,0.0,0.0,76.84981583042178,0.0,1.0,0.6,1.0,12.550733451067968,8.745757423454169,0,0.0,0.0
SYNTH_SHIP_098,SCENARIO_4_DOOR_OPENING,2026-06-02 14:00:00,180,2.188670776642149,21.531822391651417,0,68.93940831801835,1,0.6,1.0,1,2.392290186980654,21.623913259348402,93.15218253787427,0.0,0.0,69.487085767319,0.0,1.0,0.6,1.0,13.826273556948612,9.9789558054918,0,0.0,0.0
SYNTH_SHIP_098,SCENARIO_4_DOOR_OPENING,2026-06-02 14:10:00,181,2.198397153392476,21.253193834767053,0,74.97860105304493,1,0.6,1.0,1,2.0866962339221415,21.283208815207157,89.85043532118063,0.0,0.0,75.03667518294759,0.0,1.0,0.6,1.0,13.12152857146476,10.474198199916207,0,0.0,0.0
SYNTH_SHIP_098,SCENARIO_4_DOOR_OPENING,2026-06-02 14:20:00,182,2.196688821374287,21.47032507292117,0,63.82661776545635,1,0.6,1.0,1,2.1395051343255975,22.126578782637488,92.39266622528831,0.0,0.0,64.67217276499336,0.0,1.0,0.6,1.0,13.378960739661503,8.161646645050599,0,0.0,0.0
SYNTH_SHIP_098,SCENARIO_4_DOOR_OPENING,2026-06-02 14:30:00,183,2.2125032479031597,21.14500744444679,0,69.60583210690882,1,0.6,1.0,1,2.2954100379622298,20.74723141226016,91.59122116493353,0.0,0.0,72.97369927990046,0.0,1.0,0.6,1.0,13.814458006171233,9.552122664689515,0,0.0,0.0
SYNTH_SHIP_098,SCENARIO_4_DOOR_OPENING,2026-06-02 14:40:00,184,2.2033218956519005,22.042676489754218,0,65.98070159252181,1,0.6,1.0,1,2.3342479259908986,21.768299928816003,90.90359900583911,0.0,0.0,65.1788783095736,0.0,1.0,0.6,1.0,13.553837530915148,9.510976740187619,0,0.0,0.0
SYNTH_SHIP_098,SCENARIO_4_DOOR_OPENING,2026-06-02 14:50:00,185,2.227266126958996,21.635514644921972,0,73.5169695559057,1,0.6,1.0,1,2.1102237531961636,22.001971026996756,91.61470983357874,0.0,0.0,74.96881531361204,0.0,1.0,0.6,1.0,13.285340113871726,8.638235416675533,0,0.0,0.0
SYNTH_SHIP_098,SCENARIO_4_DOOR_OPENING,2026-06-02 15:00:00,186,2.228731945869664,22.482739003640194,0,62.584690769811516,1,0.6,1.0,1,2.3374874183950634,22.01790856003556,92.28018194129002,0.0,0.0,60.592255850805614,0.0,1.0,0.6,1.0,13.519122112919346,9.471378977438638,0,0.0,0.0
SYNTH_SHIP_098,SCENARIO_4_DOOR_OPENING,2026-06-02 15:10:00,187,2.2578629451995837,21.98377463714864,0,68.33059049666149,1,0.6,1.0,1,2.346522556308811,21.84291110094872,90.24442157848725,0.0,0.0,69.68541891188714,0.0,1.0,0.6,1.0,12.554843725426315,7.674564222785182,0,0.0,0.0
SYNTH_SHIP_098,SCENARIO_4_DOOR_OPENING,2026-06-02 15:20:00,188,2.2920555679140073,23.079398209992,0,84.60203076355157,1,0.6,1.0,1,2.467520590657357,23.434428754244053,90.27982896412438,0.0,0.0,84.20326935124075,0.0,1.0,0.6,1.0,13.703270346394364,7.619766082182466,0,0.0,0.0
SYNTH_SHIP_098,SCENARIO_4_DOOR_OPENING,2026-06-02 15:30:00,189,2.2782317866879325,22.99524526206533,0,83.06879549672726,1,0.6,1.0,1,1.805512317865284,23.520338051766572,92.79266025950383,0.0,0.0,80.72730946264271,0.0,1.0,0.6,1.0,12.63124286048856,9.49351451026057,0,0.0,0.0
SYNTH_SHIP_098,SCENARIO_4_DOOR_OPENING,2026-06-02 15:40:00,190,2.265293158121202,22.527886762693335,0,74.63952144726473,1,0.6,1.0,1,2.64785128975419,22.56203043680496,91.62767016667264,0.0,0.0,75.39196708604062,0.0,1.0,0.6,1.0,13.683270663601933,10.171772954355353,0,0.0,0.0
SYNTH_SHIP_098,SCENARIO_4_DOOR_OPENING,2026-06-02 15:50:00,191,2.2159391604453353,22.555570504640272,0,72.69584644529198,1,0.6,1.0,1,2.0025357914215833,22.55326646019222,92.84924824600965,0.0,0.0,73.8631184859705,0.0,1.0,0.6,1.0,12.921233870951788,10.556675734150119,0,0.0,0.0
SYNTH_SHIP_098,SCENARIO_4_DOOR_OPENING,2026-06-02 16:00:00,192,2.235815572742607,22.920467197944166,0,63.12381051388509,1,0.6,1.0,1,2.2120520551231184,23.010949081142495,91.55433398434964,0.0,0.0,62.56904431870483,0.0,1.0,0.6,1.0,13.740414871878087,10.42921635530335,0,0.0,0.0
SYNTH_SHIP_098,SCENARIO_4_DOOR_OPENING,2026-06-02 16:10:00,193,2.216192620608764,22.49063516303841,0,65.23739076247963,1,0.6,1.0,1,2.1111145208196564,22.536733030533263,92.23104407991741,0.0,0.0,66.51410266619602,0.0,1.0,0.6,1.0,12.751564516052174,9.42541995863763,0,0.0,0.0
SYNTH_SHIP_098,SCENARIO_4_DOOR_OPENING,2026-06-02 16:20:00,194,2.2336154179481413,23.472501390315372,0,77.79259052802742,1,0.6,1.0,1,2.179843395042773,23.36756379334891,90.90993981272361,0.0,0.0,77.4265636355763,0.0,1.0,0.6,1.0,13.013845350668612,9.581306081290686,0,0.0,0.0
SYNTH_SHIP_098,SCENARIO_4_DOOR_OPENING,2026-06-02 16:30:00,195,2.2335734743538143,24.453502902441898,0,64.90632298247063,1,0.6,1.0,1,2.5842177050913753,24.959705527222273,91.89152147910498,0.0,0.0,63.945053334849796,0.0,1.0,0.6,1.0,13.456431987432174,9.402463576525669,0,0.0,0.0
SYNTH_SHIP_098,SCENARIO_4_DOOR_OPENING,2026-06-02 16:40:00,196,2.2872355322321294,24.458607892856673,0,71.91638927612101,1,0.6,1.0,1,2.2526280729372803,24.333976014712253,91.58989188715803,0.0,0.0,71.81511670998405,0.0,1.0,0.6,1.0,12.522520698034501,8.852292280633801,0,0.0,0.0
SYNTH_SHIP_098,SCENARIO_4_DOOR_OPENING,2026-06-02 16:50:00,197,2.3107575527505464,24.257167664353165,0,60.90062208226234,1,0.6,1.0,1,2.383148431849731,24.01578523811599,90.89007364033523,0.0,0.0,58.137176560992344,0.0,1.0,0.6,1.0,13.002807052255973,10.224339235675478,0,0.0,0.0
SYNTH_SHIP_098,SCENARIO_4_DOOR_OPENING,2026-06-02 17:00:00,198,2.3115171440522335,23.54389339676973,0,68.80852738212289,1,0.6,1.0,1,2.4246603110019627,23.756223599138938,91.79291767649265,0.0,0.0,68.43304382330405,0.0,1.0,0.6,1.0,12.59274516109291,8.449898697937591,0,0.0,0.0
SYNTH_SHIP_098,SCENARIO_4_DOOR_OPENING,2026-06-02 17:10:00,199,2.322937197500821,23.560491680351888,0,70.13133314744609,1,0.6,1.0,1,2.320615337592084,23.51852036765242,91.86538802213545,0.0,0.0,70.86896128658199,0.0,1.0,0.6,1.0,13.842569050827603,10.575683782428314,0,0.0,0.0
SYNTH_SHIP_098,SCENARIO_4_DOOR_OPENING,2026-06-02 17:20:00,200,2.348388137977232,24.041987046426705,0,66.87829975152398,1,0.6,1.0,1,2.0525340875841698,24.44944189076472,91.99137930449353,0.0,0.0,66.79931689637918,0.0,1.0,0.6,1.0,13.574633453785012,9.23741206616802,0,0.0,0.0
SYNTH_SHIP_098,SCENARIO_4_DOOR_OPENING,2026-06-02 17:30:00,201,2.3764987676177802,24.097347263163034,0,74.13246356541725,1,0.6,1.0,1,2.4018592772472203,23.89892948968163,91.66509401595677,0.0,0.0,73.52805319491355,0.0,1.0,0.6,1.0,12.338570174996068,8.060157241901836,0,0.0,0.0
SYNTH_SHIP_098,SCENARIO_4_DOOR_OPENING,2026-06-02 17:40:00,202,2.3653128122980225,25.054421371077407,0,79.39764500468682,1,0.6,1.0,1,2.4499221303780665,24.891120959084013,91.32392610050756,0.0,0.0,80.72396618107746,0.0,1.0,0.6,1.0,13.557866320830554,10.18458894961037,0,0.0,0.0
SYNTH_SHIP_098,SCENARIO_4_DOOR_OPENING,2026-06-02 17:50:00,203,2.388036030720437,24.536351065677767,0,63.62411392132639,1,0.6,1.0,1,2.305792436216361,24.098979506453087,90.67786781629769,0.0,0.0,64.64473106712663,0.0,1.0,0.6,1.0,13.253937666789799,9.378674960859774,0,0.0,0.0
SYNTH_SHIP_098,SCENARIO_4_DOOR_OPENING,2026-06-02 18:00:00,204,2.4303761630097287,23.980177222162418,0,70.6850186016941,1,0.6,1.0,1,2.5364719423348343,23.761010819733375,91.50558725936841,0.0,0.0,71.05334241251758,0.0,1.0,0.6,1.0,13.308608571630138,9.873767462819856,0,0.0,0.0
SYNTH_SHIP_098,SCENARIO_4_DOOR_OPENING,2026-06-02 18:10:00,205,2.41923356114087,25.47917479172397,0,75.8652091120982,1,0.6,1.0,1,2.242110371887006,25.575927794717582,91.80508577989222,0.0,0.0,79.0447653735899,0.0,1.0,0.6,1.0,12.768821901943678,7.107256457424261,0,0.0,0.0
SYNTH_SHIP_098,SCENARIO_4_DOOR_OPENING,2026-06-02 18:20:00,206,2.44019446235266,25.897038731547088,0,68.1537071530081,1,0.6,1.0,1,2.448937488534548,26.280220380870976,92.84449752057904,0.0,0.0,70.97109165880399,0.0,1.0,0.6,1.0,13.71717194350497,10.127967884230463,0,0.0,0.0
SYNTH_SHIP_098,SCENARIO_4_DOOR_OPENING,2026-06-02 18:30:00,207,2.453759381132235,25.69129607089462,0,66.58068762939473,1,0.6,1.0,1,2.6306199422537566,25.98976104704257,93.23282006163502,0.0,0.0,65.1008561598386,0.0,,,,13.444867985032488,8.85170354568013,0,0.0,0.0
SYNTH_SHIP_098,SCENARIO_4_DOOR_OPENING,2026-06-02 18:40:00,208,2.434599309295969,25.756645404022816,0,82.1738112577395,1,0.6,1.0,1,2.614190640282565,25.73548489712846,89.11758709884069,0.0,0.0,79.27452272782274,0.0,1.0,0.6,1.0,12.537615621609795,9.942124052744138,0,0.0,0.0
SYNTH_SHIP_098,SCENARIO_4_DOOR_OPENING,2026-06-02 18:50:00,209,2.3955452876252408,26.366112396955998,0,68.71524508505678,1,0.6,1.0,1,2.2657463220660197,26.21113186655729,92.12615094412178,0.0,0.0,67.4714603629093,0.0,1.0,0.6,1.0,13.453357413873205,9.435070866145207,0,0.0,0.0
SYNTH_SHIP_098,SCENARIO_4_DOOR_OPENING,2026-06-02 19:00:00,210,2.39776323308424,25.96275458513647,0,63.71908399263189,1,0.6,1.0,1,2.431524856493989,26.090033959582037,90.46346798220841,0.0,0.0,62.0444070081059,0.0,1.0,0.6,1.0,13.46634415236452,9.73624962273945,0,0.0,0.0
SYNTH_SHIP_098,SCENARIO_4_DOOR_OPENING,2026-06-02 19:10:00,211,2.436715996139815,26.038728954852942,0,78.96882239123325,1,0.6,1.0,1,2.3406095760508956,26.0240149323024,92.18017161097063,0.0,0.0,80.31183070736671,0.0,1.0,0.6,1.0,13.67468545651216,7.350071862138206,0,0.0,0.0
SYNTH_SHIP_098,SCENARIO_4_DOOR_OPENING,2026-06-02 19:20:00,212,2.437891170731016,26.738096602910357,0,79.62593067457883,1,0.6,1.0,1,2.317110542794233,27.06284086336452,89.18078380948958,0.0,0.0,81.14714784107858,0.0,1.0,0.6,1.0,12.966708936825924,9.783138824638945,0,0.0,0.0
SYNTH_SHIP_098,SCENARIO_4_DOOR_OPENING,2026-06-02 19:30:00,213,2.44505392628759,26.314119158986664,0,78.57901901162484,1,0.6,1.0,1,2.5184680326259676,25.809978631809038,91.06251479255677,0.0,0.0,81.17411450767872,0.0,1.0,0.6,1.0,13.07298261490617,6.9553493208215205,0,0.0,0.0
SYNTH_SHIP_098,SCENARIO_4_DOOR_OPENING,2026-06-02 19:40:00,214,2.471230043686073,27.567156496058285,0,82.67483453985174,1,0.6,1.0,1,2.6939855775415738,27.80165313248463,92.49809051555918,0.0,0.0,84.85266748317122,0.0,1.0,0.6,1.0,13.034732270785609,10.12900392778343,0,0.0,0.0
SYNTH_SHIP_098,SCENARIO_4_DOOR_OPENING,2026-06-02 19:50:00,215,2.494067728275212,26.25453317397848,0,84.62774286435149,1,0.6,1.0,1,2.2551757837465947,26.30117736565677,89.49247294168494,0.0,0.0,83.1032826560705,0.0,1.0,0.6,1.0,12.836600549908662,9.699920935201737,0,0.0,0.0
SYNTH_SHIP_098,SCENARIO_4_DOOR_OPENING,2026-06-02 20:00:00,216,2.522520669323388,27.77305474890219,0,62.29657743169741,1,0.6,1.0,1,2.5795754657637113,28.128692776854145,92.19500526450024,0.0,0.0,61.50796649081276,0.0,1.0,0.6,1.0,13.14382926098086,10.228474499662477,0,0.0,0.0
SYNTH_SHIP_098,SCENARIO_4_DOOR_OPENING,2026-06-02 20:10:00,217,2.511484566021952,26.550456413659013,0,70.25406610576789,1,0.6,1.0,1,2.457801160048592,26.39373329884513,90.20481739388002,0.0,0.0,74.88842914663198,0.0,1.0,0.6,1.0,12.664873604633565,8.463769558991794,0,0.0,0.0
SYNTH_SHIP_098,SCENARIO_4_DOOR_OPENING,2026-06-02 20:20:00,218,2.5041409000344594,27.20098428074472,0,64.32128849009082,1,0.6,1.0,1,2.3731475610265482,27.26951253803163,91.19757302518684,0.0,0.0,66.0692933550174,0.0,1.0,0.6,1.0,13.550544445892204,8.365865621239108,0,0.0,0.0
SYNTH_SHIP_098,SCENARIO_4_DOOR_OPENING,2026-06-02 20:30:00,219,2.519088782746541,26.621047597969262,0,60.87136821428702,1,0.6,1.0,1,2.6153705675319388,26.61775395429411,92.06107405679019,0.0,0.0,61.56895492805475,0.0,1.0,0.6,1.0,13.601480049810997,9.67921459129563,0,0.0,0.0
SYNTH_SHIP_098,SCENARIO_4_DOOR_OPENING,2026-06-02 20:40:00,220,2.479366667890974,26.572209355587667,0,81.5736208439082,1,0.6,1.0,1,2.5378577103275326,26.092113564725928,90.16256697331055,,0.0,82.12935791470242,0.0,1.0,0.6,1.0,13.426596574039412,9.655258626761732,0,0.0,0.0
SYNTH_SHIP_098,SCENARIO_4_DOOR_OPENING,2026-06-02 20:50:00,221,2.4600555653213356,26.702457673366283,0,75.19268373899251,1,0.6,1.0,1,2.728318738519784,26.87119189750511,90.77846875390978,0.0,0.0,75.91006205860756,0.0,1.0,0.6,1.0,13.177687803882177,9.429673158161572,0,0.0,0.0
SYNTH_SHIP_098,SCENARIO_4_DOOR_OPENING,2026-06-02 21:00:00,222,2.429321606389747,26.78001012856147,0,78.23713489190966,1,0.6,1.0,1,2.519843118326643,26.91310735881704,93.51406136117126,0.0,0.0,76.64551408825687,0.0,1.0,0.6,1.0,13.754631888854504,9.826671539592178,0,0.0,0.0
SYNTH_SHIP_098,SCENARIO_4_DOOR_OPENING,2026-06-02 21:10:00,223,2.4124832025499954,26.868262646666587,0,75.67312713583757,1,0.6,1.0,1,2.3757514249111,26.588272159058523,91.91150424117998,0.0,0.0,75.94916297929262,0.0,1.0,0.6,1.0,13.313063010614531,10.478877451531796,0,0.0,0.0
SYNTH_SHIP_098,SCENARIO_4_DOOR_OPENING,2026-06-02 21:20:00,224,2.4462593947550313,26.853966446325778,0,62.559911270312824,1,0.6,1.0,1,2.3720700514727433,27.049816491370738,92.69808874020154,0.0,0.0,62.45328943885503,0.0,1.0,0.6,1.0,13.531099995221036,7.76500698136384,0,0.0,0.0
SYNTH_SHIP_098,SCENARIO_4_DOOR_OPENING,2026-06-02 21:30:00,225,2.452877881844853,26.896458363663612,0,83.58433210292456,1,0.6,1.0,1,2.706657508767131,26.705951690732398,90.77456310473517,0.0,0.0,82.46420159414686,0.0,1.0,0.6,1.0,13.52097274819722,10.429195276204462,0,0.0,0.0
SYNTH_SHIP_098,SCENARIO_4_DOOR_OPENING,2026-06-02 21:40:00,226,2.4714256581613903,27.9482066265794,0,77.11873390193642,1,0.6,1.0,1,2.5459191265734384,27.805278146839388,89.55503877691083,0.0,0.0,76.22506084812261,0.0,1.0,0.6,1.0,12.817773983728038,8.793090537238477,0,0.0,0.0
SYNTH_SHIP_098,SCENARIO_4_DOOR_OPENING,2026-06-02 21:50:00,227,2.49586161444595,27.060202271497992,0,84.19000988644106,1,0.6,1.0,1,2.5491401159997893,26.94857984601108,90.90737446892194,0.0,0.0,83.28048703712332,0.0,1.0,0.6,1.0,12.451212417209431,10.480949589353315,0,0.0,0.0
SYNTH_SHIP_098,SCENARIO_4_DOOR_OPENING,2026-06-02 22:00:00,228,2.4776745081256375,27.854333969545284,0,63.901057739831444,1,0.6,1.0,1,2.5767613147975137,28.105660599471932,92.94470234029886,0.0,0.0,63.86846016602436,0.0,1.0,0.6,1.0,13.19199701678506,9.79625902820179,0,0.0,0.0
SYNTH_SHIP_098,SCENARIO_4_DOOR_OPENING,2026-06-02 22:10:00,229,2.488755390519388,26.071019302001616,0,74.41607616199917,1,0.6,1.0,1,2.4248654358251587,26.266503990226894,90.9788335564791,0.0,0.0,71.49066033385611,0.0,1.0,0.6,1.0,13.22819224052524,7.686594777701655,0,0.0,0.0
SYNTH_SHIP_098,SCENARIO_4_DOOR_OPENING,2026-06-02 22:20:00,230,2.5363493136885267,27.626614270419843,0,61.2229476735412,1,0.6,1.0,1,2.452923205379592,27.572234978391183,91.01511238788616,0.0,0.0,60.10345293229882,0.0,1.0,0.6,1.0,13.499637412649234,7.4658401497704325,0,0.0,0.0
SYNTH_SHIP_098,SCENARIO_4_DOOR_OPENING,2026-06-02 22:30:00,231,2.5271434686557956,26.667657511439657,0,67.12899290408312,1,0.6,1.0,1,2.756273343576565,26.536461666929895,92.56122702657514,0.0,0.0,,0.0,1.0,0.6,1.0,12.706488591249819,7.305260376428321,0,0.0,0.0
SYNTH_SHIP_098,SCENARIO_4_DOOR_OPENING,2026-06-02 22:40:00,232,2.5145503824061137,27.135349881883805,0,64.68516234011429,1,0.6,1.0,1,2.7113566131772258,27.196714075322717,90.51480576815177,0.0,0.0,64.06047957698136,0.0,1.0,0.6,1.0,12.965831273680841,9.770993535703257,0,0.0,0.0
SYNTH_SHIP_098,SCENARIO_4_DOOR_OPENING,2026-06-02 22:50:00,233,2.529725799073794,26.273043492488746,0,79.05899168707376,1,0.6,1.0,1,2.8546811012856,26.491398257114003,91.38815573984542,0.0,0.0,79.59410183460427,0.0,1.0,0.6,1.0,12.519774293703366,8.375514320084095,0,0.0,0.0
SYNTH_SHIP_098,SCENARIO_4_DOOR_OPENING,2026-06-02 23:00:00,234,2.5084744121763203,27.435415791929813,0,75.6136371809695,1,0.6,1.0,1,2.270022651986205,27.644169134335794,91.28914940677446,0.0,0.0,73.23387015794445,0.0,1.0,0.6,1.0,12.695679344420254,8.992194428963554,0,0.0,0.0
SYNTH_SHIP_098,SCENARIO_4_DOOR_OPENING,2026-06-02 23:10:00,235,2.5333723113044018,26.642419441101687,0,70.59638931213615,1,0.6,1.0,1,2.6136321422003697,26.187930932805948,90.09181827840625,0.0,0.0,,0.0,1.0,0.6,1.0,13.45019467996917,8.21486571781387,0,0.0,0.0
SYNTH_SHIP_098,SCENARIO_4_DOOR_OPENING,2026-06-02 23:20:00,236,2.5421881949307616,26.480773669890937,0,80.81346533742811,1,0.6,1.0,1,2.473043963976871,26.65433522810268,89.37848476373868,0.0,0.0,83.4239359542496,0.0,1.0,0.6,1.0,12.73088589154951,7.648239002157857,0,0.0,0.0
SYNTH_SHIP_098,SCENARIO_4_DOOR_OPENING,2026-06-02 23:30:00,237,2.552632173414136,26.774680073348932,0,72.35529466347977,1,0.6,1.0,1,2.5584927477604125,27.20759294699485,90.50701046726046,0.0,0.0,72.33048516670797,0.0,1.0,0.6,1.0,13.417662955634444,7.586303767068521,0,0.0,0.0
SYNTH_SHIP_098,SCENARIO_4_DOOR_OPENING,2026-06-02 23:40:00,238,2.5660710247985463,26.353790224582585,0,77.30744529444776,1,0.6,1.0,1,2.4547267049292807,26.04371821769697,91.02606228565936,0.0,0.0,76.79438008815933,0.0,1.0,0.6,1.0,12.74880726044336,9.886525153023769,0,0.0,0.0
SYNTH_SHIP_098,SCENARIO_4_DOOR_OPENING,2026-06-02 23:50:00,239,2.574263488803781,26.927503292703776,0,83.20799182018499,1,0.6,1.0,1,2.9328550224292123,26.608624532353357,92.67746853323911,0.0,0.0,82.85763490453165,0.0,1.0,0.6,1.0,12.954065393901637,7.41462978236617,0,0.0,0.0
SYNTH_SHIP_098,SCENARIO_4_DOOR_OPENING,2026-06-03 00:00:00,240,2.594113814846892,26.12568794981285,0,69.22410948068163,1,0.6,1.0,1,2.4787299556048454,26.18127949549901,90.7824138766008,0.0,0.0,70.83529459237562,0.0,1.0,0.6,1.0,12.903972141431618,10.05123374850494,0,0.0,0.0
SYNTH_SHIP_098,SCENARIO_4_DOOR_OPENING,2026-06-03 00:10:00,241,2.58685645374585,26.141354545435178,0,63.19006463733606,1,0.6,1.0,1,2.4441874311099077,26.440735676564852,91.70675397376294,0.0,0.0,61.19397525904796,0.0,1.0,0.6,1.0,13.395177105875936,10.752918184133582,0,0.0,0.0
SYNTH_SHIP_098,SCENARIO_4_DOOR_OPENING,2026-06-03 00:20:00,242,2.5898247995233614,27.096509950527768,0,84.8742067904711,1,0.6,1.0,1,2.7211149557544902,27.204259793355966,90.38787772394419,0.0,0.0,82.62661276110637,0.0,1.0,0.6,1.0,13.431891889716452,7.598266407518542,0,0.0,0.0
SYNTH_SHIP_098,SCENARIO_4_DOOR_OPENING,2026-06-03 00:30:00,243,2.5740803642455528,26.771506105347065,0,74.91356500068474,1,0.6,1.0,1,2.510157000473791,26.489515686564673,92.15051642425345,0.0,0.0,73.57892244257634,0.0,1.0,0.6,1.0,12.870931528297055,9.523229087351249,0,0.0,0.0
SYNTH_SHIP_098,SCENARIO_4_DOOR_OPENING,2026-06-03 00:40:00,244,2.5728507366773985,27.041868951570525,0,64.33271585373369,1,0.6,1.0,1,2.381676165938802,26.984274593966944,91.55812152177053,0.0,0.0,65.80039556090105,0.0,1.0,0.6,1.0,12.615391257394508,8.490249063966516,0,0.0,0.0
SYNTH_SHIP_098,SCENARIO_4_DOOR_OPENING,2026-06-03 00:50:00,245,2.55826869116642,25.94850158640021,0,84.28025765869148,1,0.6,1.0,1,2.7997279229320844,25.314696384484773,91.28529086424048,,0.0,82.12568007082128,0.0,1.0,0.6,1.0,13.241534092165011,10.394063884064977,0,0.0,0.0
SYNTH_SHIP_098,SCENARIO_4_DOOR_OPENING,2026-06-03 01:00:00,246,2.5658539403353955,25.012542506659468,0,61.930976637535025,1,0.6,1.0,1,2.4533486547420007,25.058406350685868,91.39833249971089,0.0,0.0,62.238874884288954,0.0,1.0,0.6,1.0,13.167836822737724,9.183946460310846,0,0.0,0.0
SYNTH_SHIP_098,SCENARIO_4_DOOR_OPENING,2026-06-03 01:10:00,247,2.554949197067484,25.061462918938986,0,61.816660275393126,1,0.6,1.0,1,2.5828419184746445,25.102346332768885,90.90950601754969,0.0,0.0,62.67312967996734,0.0,1.0,0.6,1.0,13.176525779752843,7.533760608984098,0,0.0,0.0
SYNTH_SHIP_098,SCENARIO_4_DOOR_OPENING,2026-06-03 01:20:00,248,2.578623776210447,24.9137499359559,0,67.2993226374052,1,0.6,1.0,1,2.7020269014843157,24.957497436696954,92.935839653541,0.0,0.0,70.8709043996991,0.0,1.0,0.6,1.0,12.469690116369684,7.375455154630227,0,0.0,0.0
SYNTH_SHIP_098,SCENARIO_4_DOOR_OPENING,2026-06-03 01:30:00,249,2.5998622162202465,25.299283025429936,0,65.90301697598828,1,0.6,1.0,1,2.75216306897528,25.35241417932197,91.51784039902356,0.0,0.0,67.66292519805516,0.0,1.0,0.6,1.0,12.761773178109843,9.216893378472125,0,0.0,0.0
SYNTH_SHIP_098,SCENARIO_4_DOOR_OPENING,2026-06-03 01:40:00,250,2.600229973979892,25.094970538503308,0,72.94254690421543,1,0.6,1.0,1,2.6375948019209714,25.33712384752922,92.08031796838424,0.0,0.0,72.48138286269898,0.0,1.0,0.6,1.0,13.605361424331198,9.664284505190238,0,0.0,0.0
SYNTH_SHIP_098,SCENARIO_4_DOOR_OPENING,2026-06-03 01:50:00,251,2.5782540958543945,25.83222817785395,0,77.28565901473054,1,0.6,1.0,1,2.518701797132887,25.906038162059705,91.57476061718464,0.0,0.0,79.07090031242339,0.0,1.0,0.6,1.0,12.714036092343823,8.033759685111951,0,0.0,0.0
SYNTH_SHIP_098,SCENARIO_4_DOOR_OPENING,2026-06-03 02:00:00,252,2.555206843433153,25.07338092789591,0,62.64994591439631,1,0.6,1.0,1,2.691379629065531,25.22665618952463,93.10441898599966,0.0,0.0,62.528465359125825,0.0,1.0,0.6,1.0,13.55782236955437,9.577562130553249,0,0.0,0.0
SYNTH_SHIP_098,SCENARIO_4_DOOR_OPENING,2026-06-03 02:10:00,253,2.59214910697964,24.748544809877174,0,67.38787339420213,1,0.6,1.0,1,2.5313390136584597,25.468381873834236,92.63752790611954,0.0,0.0,67.26667922107279,0.0,1.0,0.6,1.0,13.706873795697492,9.622432825237695,0,0.0,0.0
SYNTH_SHIP_098,SCENARIO_4_DOOR_OPENING,2026-06-03 02:20:00,254,2.560757797358459,24.25498858576252,0,65.25059916636172,1,0.6,1.0,1,2.6108658840793177,24.51432645119537,89.34971719296131,0.0,0.0,64.7368927611546,0.0,1.0,0.6,1.0,12.858721085848137,7.95186712210421,0,0.0,0.0
SYNTH_SHIP_098,SCENARIO_4_DOOR_OPENING,2026-06-03 02:30:00,255,2.564730612025499,23.882531587086326,0,82.39924745207819,1,0.6,1.0,1,2.706253533735798,23.51657557081096,90.316727946269,0.0,0.0,82.39443703957649,0.0,1.0,0.6,1.0,13.645097569745985,7.751396728721538,0,0.0,0.0
SYNTH_SHIP_098,SCENARIO_4_DOOR_OPENING,2026-06-03 02:40:00,256,2.509080240265779,24.670341593287176,0,75.61132091943797,1,0.6,1.0,1,2.619631914971847,24.618922159170637,89.81977317356082,0.0,0.0,75.93267497265218,0.0,1.0,0.6,1.0,13.625476051194173,7.7422560305993136,0,0.0,0.0
SYNTH_SHIP_098,SCENARIO_4_DOOR_OPENING,2026-06-03 02:50:00,257,2.4908353485221113,23.353883855078955,0,70.37920053480421,1,0.6,1.0,1,2.533846129820675,23.191811372440117,91.40947405518243,0.0,0.0,71.34896098054949,0.0,1.0,0.6,1.0,12.662751273211798,9.524119537238672,0,0.0,0.0
SYNTH_SHIP_098,SCENARIO_4_DOOR_OPENING,2026-06-03 03:00:00,258,2.4807285233719836,24.465434649943493,0,73.26846627939571,1,0.6,1.0,1,2.402604018791165,24.77171261157491,90.46949211479576,0.0,0.0,72.00951801064161,0.0,1.0,0.6,1.0,13.193624311105728,9.819598063526891,0,0.0,0.0
SYNTH_SHIP_098,SCENARIO_4_DOOR_OPENING,2026-06-03 03:10:00,259,2.5047686343182183,24.874729420530763,0,77.63858496722094,1,0.6,1.0,1,2.4486297062566718,24.370361841810922,91.70593462057772,0.0,0.0,77.96423720700263,0.0,1.0,0.6,1.0,13.192451671279766,8.489720524169742,0,0.0,0.0
SYNTH_SHIP_098,SCENARIO_4_DOOR_OPENING,2026-06-03 03:20:00,260,2.5005328700942253,23.60679368215187,0,76.49035314956936,1,0.6,1.0,1,2.481210833271402,23.732455289863005,90.9196890502735,0.0,0.0,75.58927137814435,0.0,,,,13.35407765680213,9.104455515022783,0,0.0,0.0
SYNTH_SHIP_098,SCENARIO_4_DOOR_OPENING,2026-06-03 03:30:00,261,2.493380102586944,23.95056144388401,0,64.6714570908129,1,0.6,1.0,1,2.590044541724526,23.902052123666948,92.00636651229733,0.0,0.0,65.44789020730596,0.0,1.0,0.6,1.0,12.39429399672023,8.527351372951085,0,0.0,0.0
SYNTH_SHIP_098,SCENARIO_4_DOOR_OPENING,2026-06-03 03:40:00,262,2.4695673150735233,22.564038861652612,0,80.64964321412954,1,0.6,1.0,1,2.6517174861301256,22.651703046187592,90.73258254160979,0.0,0.0,82.38794664241215,0.0,1.0,0.6,1.0,13.12286945724447,9.255530691458157,0,0.0,0.0
SYNTH_SHIP_098,SCENARIO_4_DOOR_OPENING,2026-06-03 03:50:00,263,2.4320244522132217,22.8540529266102,0,70.10845852263964,1,0.6,1.0,1,2.645063266203853,22.82004014469395,91.38390068743381,0.0,0.0,68.71759695321258,0.0,1.0,0.6,1.0,12.608276448986755,9.519309725893052,0,0.0,0.0
SYNTH_SHIP_098,SCENARIO_4_DOOR_OPENING,2026-06-03 04:00:00,264,2.4104569569457137,22.88746428068455,0,72.32943442435214,1,0.6,1.0,1,2.462937545561659,22.473273649276436,91.34087320843409,0.0,0.0,72.44034206783756,0.0,1.0,0.6,1.0,13.492888025634823,8.032219876079854,0,0.0,0.0
SYNTH_SHIP_098,SCENARIO_4_DOOR_OPENING,2026-06-03 04:10:00,265,2.4380754455735762,23.11176004833593,0,66.35866594580723,1,0.6,1.0,1,2.5686474933902876,23.473956062054114,90.73443840656284,0.0,0.0,69.9589906422544,0.0,1.0,0.6,1.0,13.024552311714652,8.196149320235534,0,0.0,0.0
SYNTH_SHIP_098,SCENARIO_4_DOOR_OPENING,2026-06-03 04:20:00,266,2.443785202503882,22.54510728308705,0,73.5665205898446,1,0.6,1.0,1,2.2431950372369207,22.29844241814707,91.91526043579752,0.0,0.0,73.16925529592368,0.0,1.0,0.6,1.0,13.211717977403492,9.5940650330301,0,0.0,0.0
SYNTH_SHIP_098,SCENARIO_4_DOOR_OPENING,2026-06-03 04:30:00,267,2.4347000874280393,22.02764542861399,0,82.51749728482191,1,0.6,1.0,1,2.5032759577279027,21.89822785654271,90.94569579003057,0.0,0.0,82.8305487595613,0.0,1.0,0.6,1.0,13.596017459147753,9.666115967113598,0,0.0,0.0
SYNTH_SHIP_098,SCENARIO_4_DOOR_OPENING,2026-06-03 04:40:00,268,2.3954753149484747,22.102323574484405,0,82.19490915199597,1,0.6,1.0,1,2.29129981423493,22.11254034089869,92.47472488001017,0.0,0.0,82.5561680380512,0.0,1.0,0.6,1.0,13.016764207539994,8.030359669555885,0,0.0,0.0
SYNTH_SHIP_098,SCENARIO_4_DOOR_OPENING,2026-06-03 04:50:00,269,2.3365376735991954,22.8077959614534,0,60.39247857493005,1,0.6,1.0,1,2.334398175745054,22.784281793827567,90.9211231943319,0.0,0.0,61.64010643232376,0.0,1.0,0.6,1.0,13.459066923029061,10.452454164783486,0,0.0,0.0
SYNTH_SHIP_098,SCENARIO_4_DOOR_OPENING,2026-06-03 05:00:00,270,2.3693576483751033,22.186189439280394,0,80.95098889068537,1,0.6,1.0,1,2.3931251753290774,21.79307305947135,91.46074518348264,0.0,0.0,80.38872718508553,0.0,1.0,0.6,1.0,13.263141235004012,8.274612933647601,0,0.0,0.0
SYNTH_SHIP_098,SCENARIO_4_DOOR_OPENING,2026-06-03 05:10:00,271,2.3653350964123727,22.09616182445107,0,77.3902342974622,1,0.6,1.0,1,2.1569466633316807,21.94905663477539,89.19637450564734,0.0,0.0,77.37395447745403,0.0,1.0,0.6,1.0,12.475885423328782,7.539585553539208,0,0.0,0.0
SYNTH_SHIP_098,SCENARIO_4_DOOR_OPENING,2026-06-03 05:20:00,272,2.3724112622820215,20.556236266369897,0,63.4560954164918,1,0.6,1.0,1,2.3623998134396174,20.59601038133468,91.62597315397406,0.0,0.0,62.48936133389848,0.0,1.0,0.6,1.0,12.443960845764092,8.87680963328536,0,0.0,0.0
SYNTH_SHIP_098,SCENARIO_4_DOOR_OPENING,2026-06-03 05:30:00,273,2.3367909536537086,21.602406523763637,0,71.6219928147997,1,0.6,1.0,1,2.338508336726798,21.59819886342643,91.68812181051665,0.0,0.0,70.97248413167615,0.0,1.0,0.6,1.0,12.693434325994064,7.66882189418103,0,0.0,0.0
SYNTH_SHIP_098,SCENARIO_4_DOOR_OPENING,2026-06-03 05:40:00,274,2.3098506734343003,20.716147861878035,0,68.66707843045569,1,0.6,1.0,1,2.2255537594347934,20.623936006774105,91.97144297114686,0.0,0.0,68.35549558333159,0.0,1.0,0.6,1.0,12.850994500451247,7.61924931711983,0,0.0,0.0
SYNTH_SHIP_098,SCENARIO_4_DOOR_OPENING,2026-06-03 05:50:00,275,2.3132195152483357,21.317876100955168,0,74.07742659102686,1,0.6,1.0,1,2.240617374755446,21.23582423157123,91.4576784125577,0.0,0.0,74.08147064588691,0.0,1.0,0.6,1.0,12.987421086829972,10.40497294524064,0,0.0,0.0
SYNTH_SHIP_098,SCENARIO_4_DOOR_OPENING,2026-06-03 06:00:00,276,2.3010459623191735,20.62533777676988,0,68.36336376111183,1,0.6,1.0,1,2.154106703527926,20.28206904345461,92.83275424727654,0.0,0.0,67.95416076067058,0.0,1.0,0.6,1.0,12.604681007008459,9.745706539026601,0,0.0,0.0
SYNTH_SHIP_098,SCENARIO_4_DOOR_OPENING,2026-06-03 06:10:00,277,2.276794007726246,21.002322929248358,0,61.79855937843986,1,0.6,1.0,1,2.2830129430078947,21.19543319697667,92.6421885742186,0.0,0.0,62.590091673127475,0.0,1.0,0.6,1.0,13.433696747685005,7.914782073692117,0,0.0,0.0
SYNTH_SHIP_098,SCENARIO_4_DOOR_OPENING,2026-06-03 06:20:00,278,2.2896435524076986,20.03344932447896,0,79.43990310121607,1,0.6,1.0,1,2.284610277435786,20.321619162492322,92.71884970751648,0.0,0.0,80.206462434802,0.0,1.0,0.6,1.0,13.618689658595793,10.135834450079418,0,0.0,0.0
SYNTH_SHIP_098,SCENARIO_4_DOOR_OPENING,2026-06-03 06:30:00,279,2.283941264755361,21.40031078441906,0,62.46077827739107,1,0.6,1.0,1,2.3123140333703245,21.549535014462773,90.72521340047327,0.0,0.0,63.58677700275737,0.0,1.0,0.6,1.0,12.686766422840835,7.845576720862897,0,0.0,0.0
SYNTH_SHIP_098,SCENARIO_4_DOOR_OPENING,2026-06-03 06:40:00,280,2.258270918692518,20.348668981180857,0,63.3607039608281,1,0.6,1.0,1,2.350042611297584,19.571111184661852,91.70038081455718,0.0,0.0,64.00921068544771,0.0,1.0,0.6,1.0,13.789196004177612,10.475721409920364,0,0.0,0.0
SYNTH_SHIP_098,SCENARIO_4_DOOR_OPENING,2026-06-03 06:50:00,281,2.2417972803009825,19.790673601485114,0,80.31001096278763,1,0.6,1.0,1,2.162666119978647,19.633000938530902,93.19121595199205,0.0,0.0,80.79679032467266,0.0,1.0,0.6,1.0,13.186789177008135,8.73965669689033,0,0.0,0.0
SYNTH_SHIP_098,SCENARIO_4_DOOR_OPENING,2026-06-03 07:00:00,282,2.230799805261326,20.326851594989154,0,73.83341994642434,1,0.6,1.0,1,2.103178800859633,20.432095804073345,91.70408668073861,0.0,0.0,73.87430438360691,0.0,1.0,0.6,1.0,13.558870785444215,7.24173966005148,0,0.0,
SYNTH_SHIP_098,SCENARIO_4_DOOR_OPENING,2026-06-03 07:10:00,283,2.2251301262377705,19.64463615684067,0,83.06422689688834,1,0.6,1.0,1,2.160327097685662,19.54799381317874,92.74226556008425,0.0,0.0,84.54009583192668,0.0,1.0,0.6,1.0,12.899072928899235,10.315608627506103,0,0.0,
SYNTH_SHIP_098,SCENARIO_4_DOOR_OPENING,2026-06-03 07:20:00,284,2.2712002857367843,20.543257906298567,0,64.85380061031613,1,0.6,1.0,1,2.1828516883058695,21.18580160804128,91.74240913309218,0.0,0.0,64.48935949461395,0.0,1.0,0.6,1.0,13.157519332242673,8.0218833940065,0,0.0,
SYNTH_SHIP_098,SCENARIO_4_DOOR_OPENING,2026-06-03 07:30:00,285,2.2301949526706344,20.292754375595383,0,82.24219034022927,1,0.6,1.0,1,2.3231711439320426,20.258834959820987,92.52568757460462,0.0,0.0,83.92517950411782,0.0,1.0,0.6,1.0,13.324471768336998,8.453679854572819,0,0.0,
SYNTH_SHIP_098,SCENARIO_4_DOOR_OPENING,2026-06-03 07:40:00,286,2.227374276463425,18.940406579197482,0,83.66626266664291,1,0.6,1.0,1,2.4267353735523636,19.306787669639174,91.3946233608958,0.0,0.0,80.73733069122434,0.0,1.0,0.6,1.0,13.559272554646817,8.62291891625451,0,0.0,
SYNTH_SHIP_098,SCENARIO_4_DOOR_OPENING,2026-06-03 07:50:00,287,2.217202833300863,19.729007089399644,0,82.58733071811339,1,0.6,1.0,1,2.2593746865253745,19.410369853654142,92.22703058202208,0.0,0.0,83.41171705133272,0.0,1.0,0.6,1.0,12.937609162709823,10.375855308723215,0,0.0,
